OrderID,CustomerName,CustomerPhone,ProductName,Category,Price,Quantity,OrderDate,SupplierName,SupplierPhone
101,Karan Patel,9765432180,Protein Shake,Nutrition,2500,3,2024-04-06,HealthFuel Co.,9012345678
102,Amit Singh,9123456789,Mass Gainer,Nutrition,3200,2,2024-04-06,HealthFuel Co.,9012345678
103,Karan Patel,9765432180,Resistance Band,Fitness,800,5,2024-04-24,ZenStuff Inc.,9876543210
104,Sneha Gupta,9988776655,Mass Gainer,Nutrition,3200,4,2024-04-25,HealthFuel Co.,9012345678
105,Sneha Gupta,9988776655,Dumbbell Set,Fitness,4500,3,2024-04-26,FitEquip Ltd.,9123456789
106,Nisha Verma,9871234567,Yoga Mat Pro,Fitness,1500,5,2024-04-09,ZenStuff Inc.,9876543210
107,Nisha Verma,9871234567,Resistance Band,Fitness,800,4,2024-04-01,ZenStuff Inc.,9876543210
108,Nisha Verma,9871234567,Yoga Mat Pro,Fitness,1500,2,2024-04-07,ZenStuff Inc.,9876543210
109,Nisha Verma,9871234567,Treadmill X100,Fitness,30000,1,2024-04-27,FitEquip Ltd.,9123456789
110,Karan Patel,9765432180,Mass Gainer,Nutrition,3200,2,2024-04-12,HealthFuel Co.,9012345678
111,Amit Singh,9123456789,Resistance Band,Fitness,800,3,2024-04-04,ZenStuff Inc.,9876543210
112,Amit Singh,9123456789,Dumbbell Set,Fitness,4500,2,2024-04-11,FitEquip Ltd.,9123456789
113,Rahul Mehra,9876543210,Mass Gainer,Nutrition,3200,3,2024-04-04,HealthFuel Co.,9012345678
114,Rahul Mehra,9876543210,Mass Gainer,Nutrition,3200,1,2024-04-21,HealthFuel Co.,9012345678
115,Rahul Mehra,9876543210,Dumbbell Set,Fitness,4500,2,2024-04-23,FitEquip Ltd.,9123456789
116,Nisha Verma,9871234567,Resistance Band,Fitness,800,5,2024-04-21,ZenStuff Inc.,9876543210
117,Amit Singh,9123456789,Yoga Mat Pro,Fitness,1500,1,2024-04-04,ZenStuff Inc.,9876543210
118,Nisha Verma,9871234567,Treadmill X100,Fitness,30000,1,2024-04-06,FitEquip Ltd.,9123456789
119,Rahul Mehra,9876543210,Yoga Mat Pro,Fitness,1500,4,2024-04-29,ZenStuff Inc.,9876543210
120,Karan Patel,9765432180,Dumbbell Set,Fitness,4500,3,2024-04-09,FitEquip Ltd.,9123456789
121,Amit Singh,9123456789,Resistance Band,Fitness,800,5,2024-04-11,ZenStuff Inc.,9876543210
122,Karan Patel,9765432180,Treadmill X100,Fitness,30000,3,2024-04-11,FitEquip Ltd.,9123456789
123,Sneha Gupta,9988776655,Protein Shake,Nutrition,2500,3,2024-04-19,HealthFuel Co.,9012345678
124,Nisha Verma,9871234567,Protein Shake,Nutrition,2500,1,2024-04-28,HealthFuel Co.,9012345678
125,Amit Singh,9123456789,Treadmill X100,Fitness,30000,1,2024-04-25,FitEquip Ltd.,9123456789
126,Nisha Verma,9871234567,Protein Shake,Nutrition,2500,5,2024-04-29,HealthFuel Co.,9012345678
127,Sneha Gupta,9988776655,Yoga Mat Pro,Fitness,1500,3,2024-04-01,ZenStuff Inc.,9876543210
128,Nisha Verma,9871234567,Yoga Mat Pro,Fitness,1500,3,2024-04-24,ZenStuff Inc.,9876543210
129,Amit Singh,9123456789,Protein Shake,Nutrition,2500,1,2024-04-16,HealthFuel Co.,9012345678
130,Sneha Gupta,9988776655,Mass Gainer,Nutrition,3200,4,2024-05-01,HealthFuel Co.,9012345678
131,Karan Patel,9765432180,Dumbbell Set,Fitness,4500,4,2024-04-11,FitEquip Ltd.,9123456789
132,Amit Singh,9123456789,Dumbbell Set,Fitness,4500,3,2024-04-28,FitEquip Ltd.,9123456789
133,Karan Patel,9765432180,Protein Shake,Nutrition,2500,5,2024-04-12,HealthFuel Co.,9012345678
134,Sneha Gupta,9988776655,Dumbbell Set,Fitness,4500,2,2024-04-25,FitEquip Ltd.,9123456789
135,Amit Singh,9123456789,Protein Shake,Nutrition,2500,4,2024-04-06,HealthFuel Co.,9012345678
136,Rahul Mehra,9876543210,Yoga Mat Pro,Fitness,1500,2,2024-04-12,ZenStuff Inc.,9876543210
137,Rahul Mehra,9876543210,Yoga Mat Pro,Fitness,1500,3,2024-04-18,ZenStuff Inc.,9876543210
138,Rahul Mehra,9876543210,Protein Shake,Nutrition,2500,5,2024-04-10,HealthFuel Co.,9012345678
139,Sneha Gupta,9988776655,Yoga Mat Pro,Fitness,1500,2,2024-04-14,ZenStuff Inc.,9876543210
140,Amit Singh,9123456789,Treadmill X100,Fitness,30000,1,2024-04-15,FitEquip Ltd.,9123456789
141,Nisha Verma,9871234567,Yoga Mat Pro,Fitness,1500,5,2024-04-26,ZenStuff Inc.,9876543210
142,Sneha Gupta,9988776655,Treadmill X100,Fitness,30000,4,2024-04-11,FitEquip Ltd.,9123456789
143,Sneha Gupta,9988776655,Dumbbell Set,Fitness,4500,3,2024-04-30,FitEquip Ltd.,9123456789
144,Rahul Mehra,9876543210,Yoga Mat Pro,Fitness,1500,1,2024-04-07,ZenStuff Inc.,9876543210
145,Rahul Mehra,9876543210,Protein Shake,Nutrition,2500,3,2024-04-15,HealthFuel Co.,9012345678
146,Karan Patel,9765432180,Treadmill X100,Fitness,30000,2,2024-04-05,FitEquip Ltd.,9123456789
147,Rahul Mehra,9876543210,Dumbbell Set,Fitness,4500,1,2024-04-27,FitEquip Ltd.,9123456789
148,Karan Patel,9765432180,Treadmill X100,Fitness,30000,1,2024-04-14,FitEquip Ltd.,9123456789
149,Amit Singh,9123456789,Dumbbell Set,Fitness,4500,1,2024-04-24,FitEquip Ltd.,9123456789
150,Sneha Gupta,9988776655,Resistance Band,Fitness,800,2,2024-04-03,ZenStuff Inc.,9876543210
151,Rahul Mehra,9876543210,Yoga Mat Pro,Fitness,1500,5,2024-04-26,ZenStuff Inc.,9876543210
152,Karan Patel,9765432180,Yoga Mat Pro,Fitness,1500,3,2024-04-25,ZenStuff Inc.,9876543210
153,Nisha Verma,9871234567,Treadmill X100,Fitness,30000,1,2024-04-17,FitEquip Ltd.,9123456789
154,Sneha Gupta,9988776655,Resistance Band,Fitness,800,3,2024-04-30,ZenStuff Inc.,9876543210
155,Sneha Gupta,9988776655,Treadmill X100,Fitness,30000,1,2024-04-15,FitEquip Ltd.,9123456789
156,Sneha Gupta,9988776655,Protein Shake,Nutrition,2500,4,2024-05-01,HealthFuel Co.,9012345678
157,Nisha Verma,9871234567,Yoga Mat Pro,Fitness,1500,4,2024-04-14,ZenStuff Inc.,9876543210
158,Amit Singh,9123456789,Yoga Mat Pro,Fitness,1500,1,2024-04-07,ZenStuff Inc.,9876543210
159,Sneha Gupta,9988776655,Resistance Band,Fitness,800,5,2024-04-11,ZenStuff Inc.,9876543210
160,Rahul Mehra,9876543210,Dumbbell Set,Fitness,4500,2,2024-04-14,FitEquip Ltd.,9123456789
161,Sneha Gupta,9988776655,Mass Gainer,Nutrition,3200,5,2024-04-11,HealthFuel Co.,9012345678
162,Rahul Mehra,9876543210,Mass Gainer,Nutrition,3200,3,2024-04-13,HealthFuel Co.,9012345678
163,Nisha Verma,9871234567,Mass Gainer,Nutrition,3200,2,2024-04-16,HealthFuel Co.,9012345678
164,Nisha Verma,9871234567,Yoga Mat Pro,Fitness,1500,3,2024-04-13,ZenStuff Inc.,9876543210
165,Sneha Gupta,9988776655,Protein Shake,Nutrition,2500,2,2024-04-05,HealthFuel Co.,9012345678
166,Nisha Verma,9871234567,Mass Gainer,Nutrition,3200,1,2024-04-20,HealthFuel Co.,9012345678
167,Sneha Gupta,9988776655,Dumbbell Set,Fitness,4500,5,2024-04-28,FitEquip Ltd.,9123456789
168,Nisha Verma,9871234567,Yoga Mat Pro,Fitness,1500,1,2024-04-25,ZenStuff Inc.,9876543210
169,Rahul Mehra,9876543210,Resistance Band,Fitness,800,5,2024-04-22,ZenStuff Inc.,9876543210
170,Rahul Mehra,9876543210,Resistance Band,Fitness,800,2,2024-04-23,ZenStuff Inc.,9876543210
171,Amit Singh,9123456789,Resistance Band,Fitness,800,4,2024-04-01,ZenStuff Inc.,9876543210
172,Sneha Gupta,9988776655,Treadmill X100,Fitness,30000,2,2024-04-22,FitEquip Ltd.,9123456789
173,Karan Patel,9765432180,Resistance Band,Fitness,800,3,2024-04-12,ZenStuff Inc.,9876543210
174,Nisha Verma,9871234567,Treadmill X100,Fitness,30000,2,2024-04-12,FitEquip Ltd.,9123456789
175,Sneha Gupta,9988776655,Mass Gainer,Nutrition,3200,4,2024-04-23,HealthFuel Co.,9012345678
176,Amit Singh,9123456789,Treadmill X100,Fitness,30000,3,2024-04-01,FitEquip Ltd.,9123456789
177,Karan Patel,9765432180,Dumbbell Set,Fitness,4500,2,2024-04-13,FitEquip Ltd.,9123456789
178,Amit Singh,9123456789,Treadmill X100,Fitness,30000,3,2024-04-23,FitEquip Ltd.,9123456789
179,Karan Patel,9765432180,Mass Gainer,Nutrition,3200,4,2024-04-20,HealthFuel Co.,9012345678
180,Karan Patel,9765432180,Mass Gainer,Nutrition,3200,4,2024-04-28,HealthFuel Co.,9012345678
181,Amit Singh,9123456789,Protein Shake,Nutrition,2500,5,2024-04-08,HealthFuel Co.,9012345678
182,Amit Singh,9123456789,Yoga Mat Pro,Fitness,1500,2,2024-04-19,ZenStuff Inc.,9876543210
183,Sneha Gupta,9988776655,Yoga Mat Pro,Fitness,1500,2,2024-04-14,ZenStuff Inc.,9876543210
184,Nisha Verma,9871234567,Resistance Band,Fitness,800,1,2024-04-09,ZenStuff Inc.,9876543210
185,Amit Singh,9123456789,Protein Shake,Nutrition,2500,1,2024-04-29,HealthFuel Co.,9012345678
186,Nisha Verma,9871234567,Mass Gainer,Nutrition,3200,2,2024-04-17,HealthFuel Co.,9012345678
187,Sneha Gupta,9988776655,Yoga Mat Pro,Fitness,1500,2,2024-04-10,ZenStuff Inc.,9876543210
188,Sneha Gupta,9988776655,Yoga Mat Pro,Fitness,1500,4,2024-04-12,ZenStuff Inc.,9876543210
189,Amit Singh,9123456789,Resistance Band,Fitness,800,4,2024-04-21,ZenStuff Inc.,9876543210
190,Amit Singh,9123456789,Dumbbell Set,Fitness,4500,3,2024-04-09,FitEquip Ltd.,9123456789
191,Amit Singh,9123456789,Treadmill X100,Fitness,30000,4,2024-04-21,FitEquip Ltd.,9123456789
192,Karan Patel,9765432180,Yoga Mat Pro,Fitness,1500,3,2024-04-11,ZenStuff Inc.,9876543210
193,Amit Singh,9123456789,Dumbbell Set,Fitness,4500,3,2024-04-14,FitEquip Ltd.,9123456789
194,Sneha Gupta,9988776655,Treadmill X100,Fitness,30000,4,2024-04-30,FitEquip Ltd.,9123456789
195,Rahul Mehra,9876543210,Yoga Mat Pro,Fitness,1500,4,2024-04-15,ZenStuff Inc.,9876543210
196,Karan Patel,9765432180,Dumbbell Set,Fitness,4500,1,2024-04-07,FitEquip Ltd.,9123456789
197,Nisha Verma,9871234567,Treadmill X100,Fitness,30000,5,2024-04-01,FitEquip Ltd.,9123456789
198,Amit Singh,9123456789,Resistance Band,Fitness,800,1,2024-04-14,ZenStuff Inc.,9876543210
199,Karan Patel,9765432180,Dumbbell Set,Fitness,4500,4,2024-04-12,FitEquip Ltd.,9123456789
200,Amit Singh,9123456789,Yoga Mat Pro,Fitness,1500,3,2024-04-23,ZenStuff Inc.,9876543210
201,Rahul Mehra,9876543210,Treadmill X100,Fitness,30000,1,2024-04-15,FitEquip Ltd.,9123456789
202,Amit Singh,9123456789,Mass Gainer,Nutrition,3200,3,2024-04-29,HealthFuel Co.,9012345678
203,Amit Singh,9123456789,Mass Gainer,Nutrition,3200,4,2024-04-22,HealthFuel Co.,9012345678
204,Karan Patel,9765432180,Protein Shake,Nutrition,2500,1,2024-04-10,HealthFuel Co.,9012345678
205,Nisha Verma,9871234567,Protein Shake,Nutrition,2500,5,2024-04-12,HealthFuel Co.,9012345678
206,Karan Patel,9765432180,Yoga Mat Pro,Fitness,1500,1,2024-04-03,ZenStuff Inc.,9876543210
207,Nisha Verma,9871234567,Mass Gainer,Nutrition,3200,4,2024-05-01,HealthFuel Co.,9012345678
208,Sneha Gupta,9988776655,Treadmill X100,Fitness,30000,1,2024-04-11,FitEquip Ltd.,9123456789
209,Karan Patel,9765432180,Dumbbell Set,Fitness,4500,1,2024-04-09,FitEquip Ltd.,9123456789
210,Karan Patel,9765432180,Treadmill X100,Fitness,30000,5,2024-04-27,FitEquip Ltd.,9123456789
211,Karan Patel,9765432180,Resistance Band,Fitness,800,5,2024-04-02,ZenStuff Inc.,9876543210
212,Sneha Gupta,9988776655,Dumbbell Set,Fitness,4500,3,2024-04-16,FitEquip Ltd.,9123456789
213,Karan Patel,9765432180,Resistance Band,Fitness,800,3,2024-04-03,ZenStuff Inc.,9876543210
214,Rahul Mehra,9876543210,Treadmill X100,Fitness,30000,5,2024-04-24,FitEquip Ltd.,9123456789
215,Amit Singh,9123456789,Treadmill X100,Fitness,30000,5,2024-04-12,FitEquip Ltd.,9123456789
216,Karan Patel,9765432180,Treadmill X100,Fitness,30000,5,2024-04-19,FitEquip Ltd.,9123456789
217,Rahul Mehra,9876543210,Dumbbell Set,Fitness,4500,1,2024-04-02,FitEquip Ltd.,9123456789
218,Amit Singh,9123456789,Protein Shake,Nutrition,2500,5,2024-04-18,HealthFuel Co.,9012345678
219,Nisha Verma,9871234567,Treadmill X100,Fitness,30000,4,2024-04-20,FitEquip Ltd.,9123456789
220,Karan Patel,9765432180,Dumbbell Set,Fitness,4500,4,2024-04-25,FitEquip Ltd.,9123456789
221,Sneha Gupta,9988776655,Yoga Mat Pro,Fitness,1500,3,2024-04-28,ZenStuff Inc.,9876543210
222,Sneha Gupta,9988776655,Treadmill X100,Fitness,30000,3,2024-04-20,FitEquip Ltd.,9123456789
223,Rahul Mehra,9876543210,Protein Shake,Nutrition,2500,5,2024-04-28,HealthFuel Co.,9012345678
224,Amit Singh,9123456789,Protein Shake,Nutrition,2500,2,2024-04-19,HealthFuel Co.,9012345678
225,Amit Singh,9123456789,Yoga Mat Pro,Fitness,1500,5,2024-04-02,ZenStuff Inc.,9876543210
226,Amit Singh,9123456789,Yoga Mat Pro,Fitness,1500,4,2024-04-30,ZenStuff Inc.,9876543210
227,Karan Patel,9765432180,Resistance Band,Fitness,800,5,2024-04-27,ZenStuff Inc.,9876543210
228,Karan Patel,9765432180,Resistance Band,Fitness,800,3,2024-04-02,ZenStuff Inc.,9876543210
229,Nisha Verma,9871234567,Protein Shake,Nutrition,2500,5,2024-04-08,HealthFuel Co.,9012345678
230,Nisha Verma,9871234567,Resistance Band,Fitness,800,5,2024-04-22,ZenStuff Inc.,9876543210
231,Rahul Mehra,9876543210,Dumbbell Set,Fitness,4500,1,2024-04-21,FitEquip Ltd.,9123456789
232,Sneha Gupta,9988776655,Yoga Mat Pro,Fitness,1500,5,2024-04-20,ZenStuff Inc.,9876543210
233,Sneha Gupta,9988776655,Protein Shake,Nutrition,2500,1,2024-04-01,HealthFuel Co.,9012345678
234,Amit Singh,9123456789,Yoga Mat Pro,Fitness,1500,3,2024-04-01,ZenStuff Inc.,9876543210
235,Karan Patel,9765432180,Mass Gainer,Nutrition,3200,4,2024-04-04,HealthFuel Co.,9012345678
236,Nisha Verma,9871234567,Resistance Band,Fitness,800,3,2024-04-05,ZenStuff Inc.,9876543210
237,Karan Patel,9765432180,Dumbbell Set,Fitness,4500,5,2024-04-11,FitEquip Ltd.,9123456789
238,Nisha Verma,9871234567,Mass Gainer,Nutrition,3200,5,2024-04-04,HealthFuel Co.,9012345678
239,Sneha Gupta,9988776655,Resistance Band,Fitness,800,3,2024-05-01,ZenStuff Inc.,9876543210
240,Amit Singh,9123456789,Dumbbell Set,Fitness,4500,1,2024-04-14,FitEquip Ltd.,9123456789
241,Karan Patel,9765432180,Mass Gainer,Nutrition,3200,3,2024-04-26,HealthFuel Co.,9012345678
242,Sneha Gupta,9988776655,Resistance Band,Fitness,800,3,2024-04-18,ZenStuff Inc.,9876543210
243,Rahul Mehra,9876543210,Resistance Band,Fitness,800,1,2024-04-30,ZenStuff Inc.,9876543210
244,Sneha Gupta,9988776655,Treadmill X100,Fitness,30000,4,2024-04-29,FitEquip Ltd.,9123456789
245,Karan Patel,9765432180,Mass Gainer,Nutrition,3200,4,2024-04-13,HealthFuel Co.,9012345678
246,Amit Singh,9123456789,Mass Gainer,Nutrition,3200,1,2024-04-06,HealthFuel Co.,9012345678
247,Amit Singh,9123456789,Mass Gainer,Nutrition,3200,1,2024-04-17,HealthFuel Co.,9012345678
248,Rahul Mehra,9876543210,Dumbbell Set,Fitness,4500,5,2024-04-26,FitEquip Ltd.,9123456789
249,Sneha Gupta,9988776655,Dumbbell Set,Fitness,4500,5,2024-04-05,FitEquip Ltd.,9123456789
250,Karan Patel,9765432180,Yoga Mat Pro,Fitness,1500,4,2024-04-19,ZenStuff Inc.,9876543210
251,Karan Patel,9765432180,Yoga Mat Pro,Fitness,1500,4,2024-04-18,ZenStuff Inc.,9876543210
252,Nisha Verma,9871234567,Dumbbell Set,Fitness,4500,5,2024-04-18,FitEquip Ltd.,9123456789
253,Nisha Verma,9871234567,Resistance Band,Fitness,800,4,2024-04-26,ZenStuff Inc.,9876543210
254,Nisha Verma,9871234567,Treadmill X100,Fitness,30000,2,2024-04-13,FitEquip Ltd.,9123456789
255,Rahul Mehra,9876543210,Protein Shake,Nutrition,2500,5,2024-04-09,HealthFuel Co.,9012345678
256,Rahul Mehra,9876543210,Dumbbell Set,Fitness,4500,4,2024-04-01,FitEquip Ltd.,9123456789
257,Amit Singh,9123456789,Protein Shake,Nutrition,2500,5,2024-04-21,HealthFuel Co.,9012345678
258,Amit Singh,9123456789,Resistance Band,Fitness,800,5,2024-04-08,ZenStuff Inc.,9876543210
259,Amit Singh,9123456789,Dumbbell Set,Fitness,4500,5,2024-04-04,FitEquip Ltd.,9123456789
260,Karan Patel,9765432180,Resistance Band,Fitness,800,4,2024-04-19,ZenStuff Inc.,9876543210
261,Karan Patel,9765432180,Protein Shake,Nutrition,2500,3,2024-04-19,HealthFuel Co.,9012345678
262,Nisha Verma,9871234567,Dumbbell Set,Fitness,4500,4,2024-04-21,FitEquip Ltd.,9123456789
263,Nisha Verma,9871234567,Treadmill X100,Fitness,30000,2,2024-04-26,FitEquip Ltd.,9123456789
264,Karan Patel,9765432180,Protein Shake,Nutrition,2500,2,2024-04-03,HealthFuel Co.,9012345678
265,Karan Patel,9765432180,Protein Shake,Nutrition,2500,3,2024-04-09,HealthFuel Co.,9012345678
266,Karan Patel,9765432180,Mass Gainer,Nutrition,3200,1,2024-04-28,HealthFuel Co.,9012345678
267,Sneha Gupta,9988776655,Treadmill X100,Fitness,30000,4,2024-04-27,FitEquip Ltd.,9123456789
268,Karan Patel,9765432180,Yoga Mat Pro,Fitness,1500,2,2024-04-20,ZenStuff Inc.,9876543210
269,Karan Patel,9765432180,Mass Gainer,Nutrition,3200,1,2024-05-01,HealthFuel Co.,9012345678
270,Karan Patel,9765432180,Yoga Mat Pro,Fitness,1500,4,2024-04-04,ZenStuff Inc.,9876543210
271,Nisha Verma,9871234567,Mass Gainer,Nutrition,3200,2,2024-04-08,HealthFuel Co.,9012345678
272,Amit Singh,9123456789,Mass Gainer,Nutrition,3200,5,2024-04-03,HealthFuel Co.,9012345678
273,Karan Patel,9765432180,Treadmill X100,Fitness,30000,3,2024-04-04,FitEquip Ltd.,9123456789
274,Rahul Mehra,9876543210,Protein Shake,Nutrition,2500,5,2024-04-01,HealthFuel Co.,9012345678
275,Nisha Verma,9871234567,Treadmill X100,Fitness,30000,4,2024-04-28,FitEquip Ltd.,9123456789
276,Nisha Verma,9871234567,Mass Gainer,Nutrition,3200,5,2024-04-18,HealthFuel Co.,9012345678
277,Rahul Mehra,9876543210,Resistance Band,Fitness,800,1,2024-04-18,ZenStuff Inc.,9876543210
278,Amit Singh,9123456789,Resistance Band,Fitness,800,1,2024-04-07,ZenStuff Inc.,9876543210
279,Nisha Verma,9871234567,Protein Shake,Nutrition,2500,2,2024-04-12,HealthFuel Co.,9012345678
280,Sneha Gupta,9988776655,Dumbbell Set,Fitness,4500,3,2024-05-01,FitEquip Ltd.,9123456789
281,Sneha Gupta,9988776655,Yoga Mat Pro,Fitness,1500,3,2024-04-24,ZenStuff Inc.,9876543210
282,Amit Singh,9123456789,Dumbbell Set,Fitness,4500,3,2024-04-17,FitEquip Ltd.,9123456789
283,Rahul Mehra,9876543210,Dumbbell Set,Fitness,4500,1,2024-04-16,FitEquip Ltd.,9123456789
284,Rahul Mehra,9876543210,Mass Gainer,Nutrition,3200,4,2024-04-24,HealthFuel Co.,9012345678
285,Amit Singh,9123456789,Mass Gainer,Nutrition,3200,4,2024-04-23,HealthFuel Co.,9012345678
286,Nisha Verma,9871234567,Dumbbell Set,Fitness,4500,1,2024-04-19,FitEquip Ltd.,9123456789
287,Sneha Gupta,9988776655,Mass Gainer,Nutrition,3200,2,2024-04-16,HealthFuel Co.,9012345678
288,Nisha Verma,9871234567,Resistance Band,Fitness,800,4,2024-04-01,ZenStuff Inc.,9876543210
289,Amit Singh,9123456789,Mass Gainer,Nutrition,3200,1,2024-04-07,HealthFuel Co.,9012345678
290,Rahul Mehra,9876543210,Yoga Mat Pro,Fitness,1500,2,2024-05-01,ZenStuff Inc.,9876543210
291,Nisha Verma,9871234567,Protein Shake,Nutrition,2500,2,2024-04-20,HealthFuel Co.,9012345678
292,Nisha Verma,9871234567,Mass Gainer,Nutrition,3200,2,2024-04-17,HealthFuel Co.,9012345678
293,Karan Patel,9765432180,Yoga Mat Pro,Fitness,1500,5,2024-04-30,ZenStuff Inc.,9876543210
294,Karan Patel,9765432180,Protein Shake,Nutrition,2500,4,2024-04-19,HealthFuel Co.,9012345678
295,Rahul Mehra,9876543210,Dumbbell Set,Fitness,4500,4,2024-04-16,FitEquip Ltd.,9123456789
296,Sneha Gupta,9988776655,Treadmill X100,Fitness,30000,4,2024-04-11,FitEquip Ltd.,9123456789
297,Amit Singh,9123456789,Protein Shake,Nutrition,2500,1,2024-04-02,HealthFuel Co.,9012345678
298,Amit Singh,9123456789,Resistance Band,Fitness,800,3,2024-04-26,ZenStuff Inc.,9876543210
299,Amit Singh,9123456789,Treadmill X100,Fitness,30000,4,2024-04-04,FitEquip Ltd.,9123456789
300,Nisha Verma,9871234567,Treadmill X100,Fitness,30000,3,2024-04-16,FitEquip Ltd.,9123456789
301,Rahul Mehra,9876543210,Treadmill X100,Fitness,30000,4,2024-04-02,FitEquip Ltd.,9123456789
302,Nisha Verma,9871234567,Mass Gainer,Nutrition,3200,3,2024-04-21,HealthFuel Co.,9012345678
303,Sneha Gupta,9988776655,Dumbbell Set,Fitness,4500,3,2024-04-09,FitEquip Ltd.,9123456789
304,Amit Singh,9123456789,Resistance Band,Fitness,800,2,2024-04-17,ZenStuff Inc.,9876543210
305,Nisha Verma,9871234567,Dumbbell Set,Fitness,4500,2,2024-04-18,FitEquip Ltd.,9123456789
306,Nisha Verma,9871234567,Resistance Band,Fitness,800,3,2024-04-19,ZenStuff Inc.,9876543210
307,Sneha Gupta,9988776655,Dumbbell Set,Fitness,4500,4,2024-04-23,FitEquip Ltd.,9123456789
308,Amit Singh,9123456789,Mass Gainer,Nutrition,3200,3,2024-04-19,HealthFuel Co.,9012345678
309,Amit Singh,9123456789,Dumbbell Set,Fitness,4500,4,2024-04-01,FitEquip Ltd.,9123456789
310,Amit Singh,9123456789,Mass Gainer,Nutrition,3200,3,2024-04-03,HealthFuel Co.,9012345678
311,Karan Patel,9765432180,Dumbbell Set,Fitness,4500,5,2024-04-01,FitEquip Ltd.,9123456789
312,Karan Patel,9765432180,Protein Shake,Nutrition,2500,2,2024-05-01,HealthFuel Co.,9012345678
313,Sneha Gupta,9988776655,Resistance Band,Fitness,800,3,2024-04-11,ZenStuff Inc.,9876543210
314,Karan Patel,9765432180,Treadmill X100,Fitness,30000,4,2024-04-12,FitEquip Ltd.,9123456789
315,Nisha Verma,9871234567,Protein Shake,Nutrition,2500,3,2024-04-22,HealthFuel Co.,9012345678
316,Nisha Verma,9871234567,Resistance Band,Fitness,800,5,2024-04-27,ZenStuff Inc.,9876543210
317,Nisha Verma,9871234567,Yoga Mat Pro,Fitness,1500,5,2024-04-10,ZenStuff Inc.,9876543210
318,Karan Patel,9765432180,Protein Shake,Nutrition,2500,2,2024-04-19,HealthFuel Co.,9012345678
319,Karan Patel,9765432180,Resistance Band,Fitness,800,4,2024-04-01,ZenStuff Inc.,9876543210
320,Amit Singh,9123456789,Protein Shake,Nutrition,2500,1,2024-04-12,HealthFuel Co.,9012345678
321,Rahul Mehra,9876543210,Dumbbell Set,Fitness,4500,2,2024-04-25,FitEquip Ltd.,9123456789
322,Sneha Gupta,9988776655,Dumbbell Set,Fitness,4500,5,2024-04-11,FitEquip Ltd.,9123456789
323,Karan Patel,9765432180,Dumbbell Set,Fitness,4500,2,2024-04-09,FitEquip Ltd.,9123456789
324,Amit Singh,9123456789,Treadmill X100,Fitness,30000,4,2024-04-09,FitEquip Ltd.,9123456789
325,Nisha Verma,9871234567,Treadmill X100,Fitness,30000,5,2024-04-09,FitEquip Ltd.,9123456789
326,Nisha Verma,9871234567,Yoga Mat Pro,Fitness,1500,2,2024-04-15,ZenStuff Inc.,9876543210
327,Karan Patel,9765432180,Mass Gainer,Nutrition,3200,1,2024-04-04,HealthFuel Co.,9012345678
328,Karan Patel,9765432180,Resistance Band,Fitness,800,4,2024-04-12,ZenStuff Inc.,9876543210
329,Karan Patel,9765432180,Resistance Band,Fitness,800,3,2024-04-26,ZenStuff Inc.,9876543210
330,Nisha Verma,9871234567,Resistance Band,Fitness,800,1,2024-04-25,ZenStuff Inc.,9876543210
331,Rahul Mehra,9876543210,Protein Shake,Nutrition,2500,3,2024-04-11,HealthFuel Co.,9012345678
332,Nisha Verma,9871234567,Yoga Mat Pro,Fitness,1500,5,2024-04-18,ZenStuff Inc.,9876543210
333,Rahul Mehra,9876543210,Dumbbell Set,Fitness,4500,1,2024-04-06,FitEquip Ltd.,9123456789
334,Sneha Gupta,9988776655,Yoga Mat Pro,Fitness,1500,3,2024-04-27,ZenStuff Inc.,9876543210
335,Rahul Mehra,9876543210,Mass Gainer,Nutrition,3200,2,2024-04-04,HealthFuel Co.,9012345678
336,Sneha Gupta,9988776655,Treadmill X100,Fitness,30000,2,2024-04-09,FitEquip Ltd.,9123456789
337,Amit Singh,9123456789,Dumbbell Set,Fitness,4500,3,2024-04-10,FitEquip Ltd.,9123456789
338,Karan Patel,9765432180,Protein Shake,Nutrition,2500,4,2024-04-30,HealthFuel Co.,9012345678
339,Amit Singh,9123456789,Mass Gainer,Nutrition,3200,1,2024-04-17,HealthFuel Co.,9012345678
340,Rahul Mehra,9876543210,Protein Shake,Nutrition,2500,2,2024-04-26,HealthFuel Co.,9012345678
341,Sneha Gupta,9988776655,Dumbbell Set,Fitness,4500,3,2024-04-14,FitEquip Ltd.,9123456789
342,Nisha Verma,9871234567,Yoga Mat Pro,Fitness,1500,1,2024-04-02,ZenStuff Inc.,9876543210
343,Karan Patel,9765432180,Yoga Mat Pro,Fitness,1500,5,2024-04-02,ZenStuff Inc.,9876543210
344,Karan Patel,9765432180,Yoga Mat Pro,Fitness,1500,3,2024-04-05,ZenStuff Inc.,9876543210
345,Nisha Verma,9871234567,Treadmill X100,Fitness,30000,1,2024-04-10,FitEquip Ltd.,9123456789
346,Karan Patel,9765432180,Treadmill X100,Fitness,30000,2,2024-04-04,FitEquip Ltd.,9123456789
347,Amit Singh,9123456789,Resistance Band,Fitness,800,3,2024-04-01,ZenStuff Inc.,9876543210
348,Amit Singh,9123456789,Yoga Mat Pro,Fitness,1500,2,2024-04-27,ZenStuff Inc.,9876543210
349,Karan Patel,9765432180,Treadmill X100,Fitness,30000,2,2024-04-11,FitEquip Ltd.,9123456789
350,Sneha Gupta,9988776655,Dumbbell Set,Fitness,4500,4,2024-04-20,FitEquip Ltd.,9123456789
351,Rahul Mehra,9876543210,Yoga Mat Pro,Fitness,1500,1,2024-04-06,ZenStuff Inc.,9876543210
352,Nisha Verma,9871234567,Yoga Mat Pro,Fitness,1500,4,2024-04-11,ZenStuff Inc.,9876543210
353,Karan Patel,9765432180,Protein Shake,Nutrition,2500,3,2024-04-23,HealthFuel Co.,9012345678
354,Karan Patel,9765432180,Mass Gainer,Nutrition,3200,2,2024-04-09,HealthFuel Co.,9012345678
355,Nisha Verma,9871234567,Yoga Mat Pro,Fitness,1500,4,2024-04-30,ZenStuff Inc.,9876543210
356,Sneha Gupta,9988776655,Treadmill X100,Fitness,30000,3,2024-04-08,FitEquip Ltd.,9123456789
357,Sneha Gupta,9988776655,Protein Shake,Nutrition,2500,1,2024-04-06,HealthFuel Co.,9012345678
358,Rahul Mehra,9876543210,Yoga Mat Pro,Fitness,1500,4,2024-04-06,ZenStuff Inc.,9876543210
359,Nisha Verma,9871234567,Mass Gainer,Nutrition,3200,2,2024-04-03,HealthFuel Co.,9012345678
360,Amit Singh,9123456789,Yoga Mat Pro,Fitness,1500,3,2024-04-02,ZenStuff Inc.,9876543210
361,Nisha Verma,9871234567,Dumbbell Set,Fitness,4500,5,2024-04-19,FitEquip Ltd.,9123456789
362,Sneha Gupta,9988776655,Dumbbell Set,Fitness,4500,1,2024-04-24,FitEquip Ltd.,9123456789
363,Sneha Gupta,9988776655,Protein Shake,Nutrition,2500,2,2024-04-25,HealthFuel Co.,9012345678
364,Rahul Mehra,9876543210,Dumbbell Set,Fitness,4500,4,2024-04-01,FitEquip Ltd.,9123456789
365,Sneha Gupta,9988776655,Dumbbell Set,Fitness,4500,1,2024-04-27,FitEquip Ltd.,9123456789
366,Amit Singh,9123456789,Dumbbell Set,Fitness,4500,1,2024-04-11,FitEquip Ltd.,9123456789
367,Rahul Mehra,9876543210,Protein Shake,Nutrition,2500,2,2024-04-05,HealthFuel Co.,9012345678
368,Nisha Verma,9871234567,Mass Gainer,Nutrition,3200,3,2024-04-09,HealthFuel Co.,9012345678
369,Rahul Mehra,9876543210,Resistance Band,Fitness,800,1,2024-04-17,ZenStuff Inc.,9876543210
370,Karan Patel,9765432180,Yoga Mat Pro,Fitness,1500,5,2024-04-30,ZenStuff Inc.,9876543210
371,Rahul Mehra,9876543210,Protein Shake,Nutrition,2500,5,2024-04-29,HealthFuel Co.,9012345678
372,Karan Patel,9765432180,Resistance Band,Fitness,800,1,2024-04-29,ZenStuff Inc.,9876543210
373,Rahul Mehra,9876543210,Resistance Band,Fitness,800,5,2024-04-25,ZenStuff Inc.,9876543210
374,Karan Patel,9765432180,Dumbbell Set,Fitness,4500,1,2024-04-12,FitEquip Ltd.,9123456789
375,Rahul Mehra,9876543210,Protein Shake,Nutrition,2500,3,2024-04-22,HealthFuel Co.,9012345678
376,Rahul Mehra,9876543210,Protein Shake,Nutrition,2500,4,2024-04-01,HealthFuel Co.,9012345678
377,Sneha Gupta,9988776655,Yoga Mat Pro,Fitness,1500,1,2024-04-22,ZenStuff Inc.,9876543210
378,Karan Patel,9765432180,Protein Shake,Nutrition,2500,4,2024-04-24,HealthFuel Co.,9012345678
379,Nisha Verma,9871234567,Yoga Mat Pro,Fitness,1500,4,2024-04-27,ZenStuff Inc.,9876543210
380,Rahul Mehra,9876543210,Yoga Mat Pro,Fitness,1500,2,2024-04-16,ZenStuff Inc.,9876543210
381,Karan Patel,9765432180,Treadmill X100,Fitness,30000,3,2024-04-17,FitEquip Ltd.,9123456789
382,Rahul Mehra,9876543210,Mass Gainer,Nutrition,3200,1,2024-04-16,HealthFuel Co.,9012345678
383,Rahul Mehra,9876543210,Protein Shake,Nutrition,2500,5,2024-04-14,HealthFuel Co.,9012345678
384,Karan Patel,9765432180,Yoga Mat Pro,Fitness,1500,1,2024-04-02,ZenStuff Inc.,9876543210
385,Rahul Mehra,9876543210,Resistance Band,Fitness,800,2,2024-04-21,ZenStuff Inc.,9876543210
386,Rahul Mehra,9876543210,Treadmill X100,Fitness,30000,3,2024-05-01,FitEquip Ltd.,9123456789
387,Amit Singh,9123456789,Dumbbell Set,Fitness,4500,3,2024-04-27,FitEquip Ltd.,9123456789
388,Sneha Gupta,9988776655,Yoga Mat Pro,Fitness,1500,1,2024-04-02,ZenStuff Inc.,9876543210
389,Sneha Gupta,9988776655,Dumbbell Set,Fitness,4500,4,2024-04-18,FitEquip Ltd.,9123456789
390,Sneha Gupta,9988776655,Dumbbell Set,Fitness,4500,5,2024-04-08,FitEquip Ltd.,9123456789
391,Rahul Mehra,9876543210,Protein Shake,Nutrition,2500,3,2024-04-09,HealthFuel Co.,9012345678
392,Rahul Mehra,9876543210,Resistance Band,Fitness,800,2,2024-04-08,ZenStuff Inc.,9876543210
393,Rahul Mehra,9876543210,Mass Gainer,Nutrition,3200,4,2024-04-20,HealthFuel Co.,9012345678
394,Karan Patel,9765432180,Protein Shake,Nutrition,2500,2,2024-04-03,HealthFuel Co.,9012345678
395,Karan Patel,9765432180,Resistance Band,Fitness,800,5,2024-04-17,ZenStuff Inc.,9876543210
396,Sneha Gupta,9988776655,Resistance Band,Fitness,800,1,2024-04-03,ZenStuff Inc.,9876543210
397,Rahul Mehra,9876543210,Dumbbell Set,Fitness,4500,1,2024-04-02,FitEquip Ltd.,9123456789
398,Nisha Verma,9871234567,Resistance Band,Fitness,800,3,2024-04-05,ZenStuff Inc.,9876543210
399,Nisha Verma,9871234567,Resistance Band,Fitness,800,4,2024-04-03,ZenStuff Inc.,9876543210
400,Nisha Verma,9871234567,Dumbbell Set,Fitness,4500,4,2024-04-13,FitEquip Ltd.,9123456789
401,Sneha Gupta,9988776655,Yoga Mat Pro,Fitness,1500,5,2024-04-06,ZenStuff Inc.,9876543210
402,Sneha Gupta,9988776655,Dumbbell Set,Fitness,4500,1,2024-04-19,FitEquip Ltd.,9123456789
403,Sneha Gupta,9988776655,Yoga Mat Pro,Fitness,1500,3,2024-04-11,ZenStuff Inc.,9876543210
404,Rahul Mehra,9876543210,Resistance Band,Fitness,800,2,2024-04-26,ZenStuff Inc.,9876543210
405,Sneha Gupta,9988776655,Resistance Band,Fitness,800,2,2024-04-21,ZenStuff Inc.,9876543210
406,Sneha Gupta,9988776655,Resistance Band,Fitness,800,5,2024-04-21,ZenStuff Inc.,9876543210
407,Amit Singh,9123456789,Protein Shake,Nutrition,2500,2,2024-04-06,HealthFuel Co.,9012345678
408,Karan Patel,9765432180,Protein Shake,Nutrition,2500,2,2024-04-04,HealthFuel Co.,9012345678
409,Sneha Gupta,9988776655,Resistance Band,Fitness,800,5,2024-04-30,ZenStuff Inc.,9876543210
410,Rahul Mehra,9876543210,Protein Shake,Nutrition,2500,5,2024-05-01,HealthFuel Co.,9012345678
411,Nisha Verma,9871234567,Protein Shake,Nutrition,2500,4,2024-04-09,HealthFuel Co.,9012345678
412,Karan Patel,9765432180,Dumbbell Set,Fitness,4500,4,2024-04-01,FitEquip Ltd.,9123456789
413,Nisha Verma,9871234567,Protein Shake,Nutrition,2500,2,2024-04-03,HealthFuel Co.,9012345678
414,Amit Singh,9123456789,Yoga Mat Pro,Fitness,1500,3,2024-04-28,ZenStuff Inc.,9876543210
415,Rahul Mehra,9876543210,Dumbbell Set,Fitness,4500,4,2024-04-19,FitEquip Ltd.,9123456789
416,Rahul Mehra,9876543210,Mass Gainer,Nutrition,3200,5,2024-04-21,HealthFuel Co.,9012345678
417,Amit Singh,9123456789,Treadmill X100,Fitness,30000,4,2024-04-29,FitEquip Ltd.,9123456789
418,Nisha Verma,9871234567,Resistance Band,Fitness,800,1,2024-04-01,ZenStuff Inc.,9876543210
419,Nisha Verma,9871234567,Resistance Band,Fitness,800,2,2024-04-20,ZenStuff Inc.,9876543210
420,Amit Singh,9123456789,Resistance Band,Fitness,800,3,2024-04-22,ZenStuff Inc.,9876543210
421,Nisha Verma,9871234567,Protein Shake,Nutrition,2500,2,2024-04-03,HealthFuel Co.,9012345678
422,Rahul Mehra,9876543210,Mass Gainer,Nutrition,3200,5,2024-04-25,HealthFuel Co.,9012345678
423,Sneha Gupta,9988776655,Mass Gainer,Nutrition,3200,2,2024-04-11,HealthFuel Co.,9012345678
424,Nisha Verma,9871234567,Yoga Mat Pro,Fitness,1500,1,2024-04-04,ZenStuff Inc.,9876543210
425,Karan Patel,9765432180,Dumbbell Set,Fitness,4500,1,2024-04-12,FitEquip Ltd.,9123456789
426,Rahul Mehra,9876543210,Dumbbell Set,Fitness,4500,2,2024-04-04,FitEquip Ltd.,9123456789
427,Rahul Mehra,9876543210,Mass Gainer,Nutrition,3200,1,2024-04-03,HealthFuel Co.,9012345678
428,Nisha Verma,9871234567,Yoga Mat Pro,Fitness,1500,1,2024-04-13,ZenStuff Inc.,9876543210
429,Sneha Gupta,9988776655,Mass Gainer,Nutrition,3200,5,2024-05-01,HealthFuel Co.,9012345678
430,Nisha Verma,9871234567,Mass Gainer,Nutrition,3200,4,2024-04-24,HealthFuel Co.,9012345678
431,Amit Singh,9123456789,Mass Gainer,Nutrition,3200,3,2024-04-06,HealthFuel Co.,9012345678
432,Sneha Gupta,9988776655,Treadmill X100,Fitness,30000,5,2024-04-20,FitEquip Ltd.,9123456789
433,Sneha Gupta,9988776655,Dumbbell Set,Fitness,4500,4,2024-04-20,FitEquip Ltd.,9123456789
434,Sneha Gupta,9988776655,Dumbbell Set,Fitness,4500,4,2024-04-13,FitEquip Ltd.,9123456789
435,Amit Singh,9123456789,Resistance Band,Fitness,800,5,2024-04-01,ZenStuff Inc.,9876543210
436,Amit Singh,9123456789,Mass Gainer,Nutrition,3200,1,2024-04-26,HealthFuel Co.,9012345678
437,Nisha Verma,9871234567,Yoga Mat Pro,Fitness,1500,1,2024-04-21,ZenStuff Inc.,9876543210
438,Nisha Verma,9871234567,Mass Gainer,Nutrition,3200,2,2024-04-11,HealthFuel Co.,9012345678
439,Rahul Mehra,9876543210,Dumbbell Set,Fitness,4500,1,2024-04-01,FitEquip Ltd.,9123456789
440,Karan Patel,9765432180,Yoga Mat Pro,Fitness,1500,3,2024-05-01,ZenStuff Inc.,9876543210
441,Sneha Gupta,9988776655,Treadmill X100,Fitness,30000,4,2024-04-23,FitEquip Ltd.,9123456789
442,Karan Patel,9765432180,Resistance Band,Fitness,800,4,2024-04-16,ZenStuff Inc.,9876543210
443,Amit Singh,9123456789,Yoga Mat Pro,Fitness,1500,1,2024-04-30,ZenStuff Inc.,9876543210
444,Karan Patel,9765432180,Yoga Mat Pro,Fitness,1500,4,2024-04-13,ZenStuff Inc.,9876543210
445,Sneha Gupta,9988776655,Mass Gainer,Nutrition,3200,2,2024-04-16,HealthFuel Co.,9012345678
446,Amit Singh,9123456789,Protein Shake,Nutrition,2500,1,2024-04-16,HealthFuel Co.,9012345678
447,Rahul Mehra,9876543210,Resistance Band,Fitness,800,2,2024-04-25,ZenStuff Inc.,9876543210
448,Sneha Gupta,9988776655,Dumbbell Set,Fitness,4500,2,2024-04-29,FitEquip Ltd.,9123456789
449,Nisha Verma,9871234567,Protein Shake,Nutrition,2500,3,2024-04-15,HealthFuel Co.,9012345678
450,Rahul Mehra,9876543210,Protein Shake,Nutrition,2500,5,2024-04-27,HealthFuel Co.,9012345678
451,Rahul Mehra,9876543210,Yoga Mat Pro,Fitness,1500,3,2024-04-30,ZenStuff Inc.,9876543210
452,Amit Singh,9123456789,Yoga Mat Pro,Fitness,1500,2,2024-04-07,ZenStuff Inc.,9876543210
453,Amit Singh,9123456789,Mass Gainer,Nutrition,3200,1,2024-04-16,HealthFuel Co.,9012345678
454,Sneha Gupta,9988776655,Mass Gainer,Nutrition,3200,2,2024-04-15,HealthFuel Co.,9012345678
455,Rahul Mehra,9876543210,Yoga Mat Pro,Fitness,1500,5,2024-04-19,ZenStuff Inc.,9876543210
456,Rahul Mehra,9876543210,Resistance Band,Fitness,800,5,2024-04-03,ZenStuff Inc.,9876543210
457,Rahul Mehra,9876543210,Dumbbell Set,Fitness,4500,3,2024-04-20,FitEquip Ltd.,9123456789
458,Rahul Mehra,9876543210,Yoga Mat Pro,Fitness,1500,5,2024-04-26,ZenStuff Inc.,9876543210
459,Karan Patel,9765432180,Mass Gainer,Nutrition,3200,2,2024-04-09,HealthFuel Co.,9012345678
460,Amit Singh,9123456789,Mass Gainer,Nutrition,3200,4,2024-04-14,HealthFuel Co.,9012345678
461,Amit Singh,9123456789,Mass Gainer,Nutrition,3200,2,2024-05-01,HealthFuel Co.,9012345678
462,Amit Singh,9123456789,Yoga Mat Pro,Fitness,1500,1,2024-04-15,ZenStuff Inc.,9876543210
463,Sneha Gupta,9988776655,Resistance Band,Fitness,800,1,2024-04-07,ZenStuff Inc.,9876543210
464,Amit Singh,9123456789,Resistance Band,Fitness,800,3,2024-04-25,ZenStuff Inc.,9876543210
465,Sneha Gupta,9988776655,Dumbbell Set,Fitness,4500,2,2024-04-29,FitEquip Ltd.,9123456789
466,Nisha Verma,9871234567,Protein Shake,Nutrition,2500,2,2024-04-07,HealthFuel Co.,9012345678
467,Sneha Gupta,9988776655,Yoga Mat Pro,Fitness,1500,2,2024-04-27,ZenStuff Inc.,9876543210
468,Karan Patel,9765432180,Mass Gainer,Nutrition,3200,1,2024-04-02,HealthFuel Co.,9012345678
469,Amit Singh,9123456789,Mass Gainer,Nutrition,3200,5,2024-04-15,HealthFuel Co.,9012345678
470,Karan Patel,9765432180,Mass Gainer,Nutrition,3200,2,2024-04-03,HealthFuel Co.,9012345678
471,Amit Singh,9123456789,Mass Gainer,Nutrition,3200,3,2024-04-15,HealthFuel Co.,9012345678
472,Sneha Gupta,9988776655,Resistance Band,Fitness,800,2,2024-04-07,ZenStuff Inc.,9876543210
473,Rahul Mehra,9876543210,Treadmill X100,Fitness,30000,3,2024-04-12,FitEquip Ltd.,9123456789
474,Amit Singh,9123456789,Treadmill X100,Fitness,30000,3,2024-04-23,FitEquip Ltd.,9123456789
475,Karan Patel,9765432180,Resistance Band,Fitness,800,1,2024-04-16,ZenStuff Inc.,9876543210
476,Nisha Verma,9871234567,Yoga Mat Pro,Fitness,1500,3,2024-04-13,ZenStuff Inc.,9876543210
477,Karan Patel,9765432180,Mass Gainer,Nutrition,3200,4,2024-04-10,HealthFuel Co.,9012345678
478,Karan Patel,9765432180,Dumbbell Set,Fitness,4500,4,2024-04-21,FitEquip Ltd.,9123456789
479,Nisha Verma,9871234567,Treadmill X100,Fitness,30000,3,2024-04-28,FitEquip Ltd.,9123456789
480,Sneha Gupta,9988776655,Protein Shake,Nutrition,2500,5,2024-04-18,HealthFuel Co.,9012345678
481,Amit Singh,9123456789,Treadmill X100,Fitness,30000,3,2024-04-08,FitEquip Ltd.,9123456789
482,Amit Singh,9123456789,Mass Gainer,Nutrition,3200,2,2024-04-25,HealthFuel Co.,9012345678
483,Nisha Verma,9871234567,Yoga Mat Pro,Fitness,1500,3,2024-04-04,ZenStuff Inc.,9876543210
484,Amit Singh,9123456789,Yoga Mat Pro,Fitness,1500,2,2024-04-22,ZenStuff Inc.,9876543210
485,Rahul Mehra,9876543210,Mass Gainer,Nutrition,3200,1,2024-04-15,HealthFuel Co.,9012345678
486,Amit Singh,9123456789,Protein Shake,Nutrition,2500,1,2024-04-19,HealthFuel Co.,9012345678
487,Rahul Mehra,9876543210,Resistance Band,Fitness,800,3,2024-04-14,ZenStuff Inc.,9876543210
488,Amit Singh,9123456789,Dumbbell Set,Fitness,4500,5,2024-04-12,FitEquip Ltd.,9123456789
489,Karan Patel,9765432180,Treadmill X100,Fitness,30000,3,2024-04-27,FitEquip Ltd.,9123456789
490,Karan Patel,9765432180,Yoga Mat Pro,Fitness,1500,2,2024-04-12,ZenStuff Inc.,9876543210
491,Sneha Gupta,9988776655,Protein Shake,Nutrition,2500,5,2024-04-05,HealthFuel Co.,9012345678
492,Sneha Gupta,9988776655,Protein Shake,Nutrition,2500,3,2024-04-02,HealthFuel Co.,9012345678
493,Karan Patel,9765432180,Treadmill X100,Fitness,30000,3,2024-04-22,FitEquip Ltd.,9123456789
494,Rahul Mehra,9876543210,Protein Shake,Nutrition,2500,4,2024-04-06,HealthFuel Co.,9012345678
495,Karan Patel,9765432180,Mass Gainer,Nutrition,3200,5,2024-04-23,HealthFuel Co.,9012345678
496,Amit Singh,9123456789,Dumbbell Set,Fitness,4500,4,2024-04-11,FitEquip Ltd.,9123456789
497,Karan Patel,9765432180,Treadmill X100,Fitness,30000,3,2024-04-05,FitEquip Ltd.,9123456789
498,Rahul Mehra,9876543210,Mass Gainer,Nutrition,3200,4,2024-04-11,HealthFuel Co.,9012345678
499,Karan Patel,9765432180,Protein Shake,Nutrition,2500,1,2024-04-01,HealthFuel Co.,9012345678
500,Sneha Gupta,9988776655,Dumbbell Set,Fitness,4500,3,2024-04-13,FitEquip Ltd.,9123456789
501,Nisha Verma,9871234567,Mass Gainer,Nutrition,3200,2,2024-04-27,HealthFuel Co.,9012345678
502,Sneha Gupta,9988776655,Treadmill X100,Fitness,30000,2,2024-04-17,FitEquip Ltd.,9123456789
503,Sneha Gupta,9988776655,Protein Shake,Nutrition,2500,4,2024-04-28,HealthFuel Co.,9012345678
504,Sneha Gupta,9988776655,Mass Gainer,Nutrition,3200,1,2024-04-17,HealthFuel Co.,9012345678
505,Sneha Gupta,9988776655,Dumbbell Set,Fitness,4500,3,2024-04-25,FitEquip Ltd.,9123456789
506,Amit Singh,9123456789,Resistance Band,Fitness,800,4,2024-04-13,ZenStuff Inc.,9876543210
507,Sneha Gupta,9988776655,Resistance Band,Fitness,800,1,2024-04-10,ZenStuff Inc.,9876543210
508,Rahul Mehra,9876543210,Mass Gainer,Nutrition,3200,1,2024-04-05,HealthFuel Co.,9012345678
509,Sneha Gupta,9988776655,Protein Shake,Nutrition,2500,2,2024-04-15,HealthFuel Co.,9012345678
510,Sneha Gupta,9988776655,Treadmill X100,Fitness,30000,3,2024-04-21,FitEquip Ltd.,9123456789
511,Rahul Mehra,9876543210,Mass Gainer,Nutrition,3200,4,2024-04-30,HealthFuel Co.,9012345678
512,Sneha Gupta,9988776655,Protein Shake,Nutrition,2500,3,2024-04-26,HealthFuel Co.,9012345678
513,Rahul Mehra,9876543210,Yoga Mat Pro,Fitness,1500,3,2024-05-01,ZenStuff Inc.,9876543210
514,Amit Singh,9123456789,Dumbbell Set,Fitness,4500,1,2024-04-06,FitEquip Ltd.,9123456789
515,Nisha Verma,9871234567,Resistance Band,Fitness,800,3,2024-04-10,ZenStuff Inc.,9876543210
516,Amit Singh,9123456789,Mass Gainer,Nutrition,3200,3,2024-05-01,HealthFuel Co.,9012345678
517,Karan Patel,9765432180,Yoga Mat Pro,Fitness,1500,2,2024-04-23,ZenStuff Inc.,9876543210
518,Nisha Verma,9871234567,Protein Shake,Nutrition,2500,3,2024-04-20,HealthFuel Co.,9012345678
519,Nisha Verma,9871234567,Mass Gainer,Nutrition,3200,1,2024-05-01,HealthFuel Co.,9012345678
520,Karan Patel,9765432180,Resistance Band,Fitness,800,5,2024-04-18,ZenStuff Inc.,9876543210
521,Karan Patel,9765432180,Protein Shake,Nutrition,2500,2,2024-04-19,HealthFuel Co.,9012345678
522,Karan Patel,9765432180,Yoga Mat Pro,Fitness,1500,4,2024-04-29,ZenStuff Inc.,9876543210
523,Nisha Verma,9871234567,Resistance Band,Fitness,800,1,2024-05-01,ZenStuff Inc.,9876543210
524,Nisha Verma,9871234567,Protein Shake,Nutrition,2500,3,2024-04-17,HealthFuel Co.,9012345678
525,Amit Singh,9123456789,Yoga Mat Pro,Fitness,1500,2,2024-04-08,ZenStuff Inc.,9876543210
526,Karan Patel,9765432180,Yoga Mat Pro,Fitness,1500,5,2024-04-24,ZenStuff Inc.,9876543210
527,Karan Patel,9765432180,Yoga Mat Pro,Fitness,1500,4,2024-04-04,ZenStuff Inc.,9876543210
528,Nisha Verma,9871234567,Protein Shake,Nutrition,2500,5,2024-04-15,HealthFuel Co.,9012345678
529,Amit Singh,9123456789,Resistance Band,Fitness,800,4,2024-04-09,ZenStuff Inc.,9876543210
530,Nisha Verma,9871234567,Mass Gainer,Nutrition,3200,5,2024-04-25,HealthFuel Co.,9012345678
531,Nisha Verma,9871234567,Mass Gainer,Nutrition,3200,1,2024-04-27,HealthFuel Co.,9012345678
532,Rahul Mehra,9876543210,Dumbbell Set,Fitness,4500,3,2024-04-26,FitEquip Ltd.,9123456789
533,Karan Patel,9765432180,Treadmill X100,Fitness,30000,1,2024-04-19,FitEquip Ltd.,9123456789
534,Rahul Mehra,9876543210,Mass Gainer,Nutrition,3200,4,2024-04-14,HealthFuel Co.,9012345678
535,Sneha Gupta,9988776655,Dumbbell Set,Fitness,4500,4,2024-04-05,FitEquip Ltd.,9123456789
536,Karan Patel,9765432180,Protein Shake,Nutrition,2500,2,2024-04-16,HealthFuel Co.,9012345678
537,Sneha Gupta,9988776655,Protein Shake,Nutrition,2500,2,2024-04-28,HealthFuel Co.,9012345678
538,Sneha Gupta,9988776655,Treadmill X100,Fitness,30000,2,2024-04-16,FitEquip Ltd.,9123456789
539,Amit Singh,9123456789,Mass Gainer,Nutrition,3200,5,2024-04-16,HealthFuel Co.,9012345678
540,Rahul Mehra,9876543210,Mass Gainer,Nutrition,3200,3,2024-04-04,HealthFuel Co.,9012345678
541,Rahul Mehra,9876543210,Protein Shake,Nutrition,2500,2,2024-04-05,HealthFuel Co.,9012345678
542,Rahul Mehra,9876543210,Yoga Mat Pro,Fitness,1500,5,2024-04-22,ZenStuff Inc.,9876543210
543,Amit Singh,9123456789,Treadmill X100,Fitness,30000,1,2024-04-24,FitEquip Ltd.,9123456789
544,Rahul Mehra,9876543210,Resistance Band,Fitness,800,5,2024-04-13,ZenStuff Inc.,9876543210
545,Nisha Verma,9871234567,Yoga Mat Pro,Fitness,1500,3,2024-04-27,ZenStuff Inc.,9876543210
546,Amit Singh,9123456789,Mass Gainer,Nutrition,3200,2,2024-04-28,HealthFuel Co.,9012345678
547,Amit Singh,9123456789,Treadmill X100,Fitness,30000,2,2024-04-16,FitEquip Ltd.,9123456789
548,Nisha Verma,9871234567,Dumbbell Set,Fitness,4500,2,2024-04-02,FitEquip Ltd.,9123456789
549,Nisha Verma,9871234567,Treadmill X100,Fitness,30000,1,2024-04-05,FitEquip Ltd.,9123456789
550,Karan Patel,9765432180,Mass Gainer,Nutrition,3200,5,2024-04-03,HealthFuel Co.,9012345678
551,Karan Patel,9765432180,Protein Shake,Nutrition,2500,5,2024-04-30,HealthFuel Co.,9012345678
552,Sneha Gupta,9988776655,Mass Gainer,Nutrition,3200,1,2024-04-13,HealthFuel Co.,9012345678
553,Sneha Gupta,9988776655,Yoga Mat Pro,Fitness,1500,1,2024-04-24,ZenStuff Inc.,9876543210
554,Sneha Gupta,9988776655,Protein Shake,Nutrition,2500,2,2024-04-21,HealthFuel Co.,9012345678
555,Sneha Gupta,9988776655,Yoga Mat Pro,Fitness,1500,5,2024-05-01,ZenStuff Inc.,9876543210
556,Sneha Gupta,9988776655,Mass Gainer,Nutrition,3200,2,2024-04-16,HealthFuel Co.,9012345678
557,Karan Patel,9765432180,Treadmill X100,Fitness,30000,5,2024-04-12,FitEquip Ltd.,9123456789
558,Sneha Gupta,9988776655,Mass Gainer,Nutrition,3200,2,2024-04-09,HealthFuel Co.,9012345678
559,Amit Singh,9123456789,Dumbbell Set,Fitness,4500,3,2024-04-29,FitEquip Ltd.,9123456789
560,Rahul Mehra,9876543210,Treadmill X100,Fitness,30000,5,2024-04-23,FitEquip Ltd.,9123456789
561,Nisha Verma,9871234567,Dumbbell Set,Fitness,4500,2,2024-04-26,FitEquip Ltd.,9123456789
562,Karan Patel,9765432180,Resistance Band,Fitness,800,2,2024-04-28,ZenStuff Inc.,9876543210
563,Karan Patel,9765432180,Protein Shake,Nutrition,2500,1,2024-04-08,HealthFuel Co.,9012345678
564,Sneha Gupta,9988776655,Mass Gainer,Nutrition,3200,3,2024-04-18,HealthFuel Co.,9012345678
565,Nisha Verma,9871234567,Protein Shake,Nutrition,2500,5,2024-04-25,HealthFuel Co.,9012345678
566,Karan Patel,9765432180,Yoga Mat Pro,Fitness,1500,2,2024-04-15,ZenStuff Inc.,9876543210
567,Nisha Verma,9871234567,Dumbbell Set,Fitness,4500,3,2024-04-19,FitEquip Ltd.,9123456789
568,Sneha Gupta,9988776655,Mass Gainer,Nutrition,3200,2,2024-05-01,HealthFuel Co.,9012345678
569,Sneha Gupta,9988776655,Resistance Band,Fitness,800,2,2024-04-17,ZenStuff Inc.,9876543210
570,Amit Singh,9123456789,Resistance Band,Fitness,800,4,2024-04-19,ZenStuff Inc.,9876543210
571,Sneha Gupta,9988776655,Treadmill X100,Fitness,30000,4,2024-04-11,FitEquip Ltd.,9123456789
572,Amit Singh,9123456789,Dumbbell Set,Fitness,4500,1,2024-04-12,FitEquip Ltd.,9123456789
573,Rahul Mehra,9876543210,Protein Shake,Nutrition,2500,2,2024-04-05,HealthFuel Co.,9012345678
574,Rahul Mehra,9876543210,Dumbbell Set,Fitness,4500,2,2024-04-22,FitEquip Ltd.,9123456789
575,Karan Patel,9765432180,Protein Shake,Nutrition,2500,2,2024-04-13,HealthFuel Co.,9012345678
576,Rahul Mehra,9876543210,Resistance Band,Fitness,800,2,2024-04-02,ZenStuff Inc.,9876543210
577,Amit Singh,9123456789,Resistance Band,Fitness,800,2,2024-04-25,ZenStuff Inc.,9876543210
578,Sneha Gupta,9988776655,Yoga Mat Pro,Fitness,1500,5,2024-04-30,ZenStuff Inc.,9876543210
579,Nisha Verma,9871234567,Dumbbell Set,Fitness,4500,4,2024-04-29,FitEquip Ltd.,9123456789
580,Rahul Mehra,9876543210,Dumbbell Set,Fitness,4500,4,2024-04-25,FitEquip Ltd.,9123456789
581,Karan Patel,9765432180,Mass Gainer,Nutrition,3200,5,2024-04-09,HealthFuel Co.,9012345678
582,Sneha Gupta,9988776655,Yoga Mat Pro,Fitness,1500,3,2024-04-28,ZenStuff Inc.,9876543210
583,Sneha Gupta,9988776655,Mass Gainer,Nutrition,3200,4,2024-04-21,HealthFuel Co.,9012345678
584,Sneha Gupta,9988776655,Dumbbell Set,Fitness,4500,5,2024-04-11,FitEquip Ltd.,9123456789
585,Nisha Verma,9871234567,Yoga Mat Pro,Fitness,1500,1,2024-04-01,ZenStuff Inc.,9876543210
586,Karan Patel,9765432180,Protein Shake,Nutrition,2500,3,2024-04-23,HealthFuel Co.,9012345678
587,Karan Patel,9765432180,Treadmill X100,Fitness,30000,1,2024-04-11,FitEquip Ltd.,9123456789
588,Amit Singh,9123456789,Resistance Band,Fitness,800,2,2024-04-05,ZenStuff Inc.,9876543210
589,Amit Singh,9123456789,Treadmill X100,Fitness,30000,5,2024-04-02,FitEquip Ltd.,9123456789
590,Karan Patel,9765432180,Protein Shake,Nutrition,2500,2,2024-04-12,HealthFuel Co.,9012345678
591,Nisha Verma,9871234567,Treadmill X100,Fitness,30000,3,2024-04-16,FitEquip Ltd.,9123456789
592,Sneha Gupta,9988776655,Treadmill X100,Fitness,30000,5,2024-04-30,FitEquip Ltd.,9123456789
593,Rahul Mehra,9876543210,Dumbbell Set,Fitness,4500,1,2024-04-11,FitEquip Ltd.,9123456789
594,Nisha Verma,9871234567,Mass Gainer,Nutrition,3200,4,2024-04-25,HealthFuel Co.,9012345678
595,Sneha Gupta,9988776655,Protein Shake,Nutrition,2500,2,2024-04-17,HealthFuel Co.,9012345678
596,Nisha Verma,9871234567,Yoga Mat Pro,Fitness,1500,3,2024-04-26,ZenStuff Inc.,9876543210
597,Sneha Gupta,9988776655,Treadmill X100,Fitness,30000,4,2024-04-10,FitEquip Ltd.,9123456789
598,Sneha Gupta,9988776655,Protein Shake,Nutrition,2500,4,2024-04-10,HealthFuel Co.,9012345678
599,Karan Patel,9765432180,Treadmill X100,Fitness,30000,5,2024-04-17,FitEquip Ltd.,9123456789
600,Amit Singh,9123456789,Yoga Mat Pro,Fitness,1500,3,2024-04-26,ZenStuff Inc.,9876543210
601,Sneha Gupta,9988776655,Yoga Mat Pro,Fitness,1500,3,2024-04-22,ZenStuff Inc.,9876543210
602,Sneha Gupta,9988776655,Treadmill X100,Fitness,30000,5,2024-04-12,FitEquip Ltd.,9123456789
603,Rahul Mehra,9876543210,Protein Shake,Nutrition,2500,5,2024-04-14,HealthFuel Co.,9012345678
604,Sneha Gupta,9988776655,Treadmill X100,Fitness,30000,3,2024-04-05,FitEquip Ltd.,9123456789
605,Rahul Mehra,9876543210,Protein Shake,Nutrition,2500,1,2024-04-12,HealthFuel Co.,9012345678
606,Karan Patel,9765432180,Treadmill X100,Fitness,30000,1,2024-04-22,FitEquip Ltd.,9123456789
607,Amit Singh,9123456789,Resistance Band,Fitness,800,4,2024-04-06,ZenStuff Inc.,9876543210
608,Amit Singh,9123456789,Yoga Mat Pro,Fitness,1500,5,2024-04-11,ZenStuff Inc.,9876543210
609,Amit Singh,9123456789,Dumbbell Set,Fitness,4500,5,2024-04-19,FitEquip Ltd.,9123456789
610,Sneha Gupta,9988776655,Resistance Band,Fitness,800,2,2024-04-21,ZenStuff Inc.,9876543210
611,Sneha Gupta,9988776655,Yoga Mat Pro,Fitness,1500,2,2024-04-16,ZenStuff Inc.,9876543210
612,Sneha Gupta,9988776655,Yoga Mat Pro,Fitness,1500,4,2024-04-26,ZenStuff Inc.,9876543210
613,Amit Singh,9123456789,Yoga Mat Pro,Fitness,1500,1,2024-04-13,ZenStuff Inc.,9876543210
614,Rahul Mehra,9876543210,Dumbbell Set,Fitness,4500,1,2024-04-07,FitEquip Ltd.,9123456789
615,Sneha Gupta,9988776655,Mass Gainer,Nutrition,3200,2,2024-04-22,HealthFuel Co.,9012345678
616,Amit Singh,9123456789,Resistance Band,Fitness,800,3,2024-04-07,ZenStuff Inc.,9876543210
617,Nisha Verma,9871234567,Protein Shake,Nutrition,2500,4,2024-04-10,HealthFuel Co.,9012345678
618,Karan Patel,9765432180,Yoga Mat Pro,Fitness,1500,5,2024-04-02,ZenStuff Inc.,9876543210
619,Rahul Mehra,9876543210,Resistance Band,Fitness,800,1,2024-04-15,ZenStuff Inc.,9876543210
620,Rahul Mehra,9876543210,Yoga Mat Pro,Fitness,1500,1,2024-04-04,ZenStuff Inc.,9876543210
621,Rahul Mehra,9876543210,Mass Gainer,Nutrition,3200,2,2024-04-20,HealthFuel Co.,9012345678
622,Sneha Gupta,9988776655,Mass Gainer,Nutrition,3200,4,2024-04-03,HealthFuel Co.,9012345678
623,Nisha Verma,9871234567,Mass Gainer,Nutrition,3200,5,2024-04-07,HealthFuel Co.,9012345678
624,Rahul Mehra,9876543210,Treadmill X100,Fitness,30000,3,2024-04-10,FitEquip Ltd.,9123456789
625,Nisha Verma,9871234567,Treadmill X100,Fitness,30000,4,2024-04-10,FitEquip Ltd.,9123456789
626,Karan Patel,9765432180,Resistance Band,Fitness,800,5,2024-04-04,ZenStuff Inc.,9876543210
627,Karan Patel,9765432180,Mass Gainer,Nutrition,3200,1,2024-04-08,HealthFuel Co.,9012345678
628,Amit Singh,9123456789,Dumbbell Set,Fitness,4500,4,2024-04-04,FitEquip Ltd.,9123456789
629,Sneha Gupta,9988776655,Mass Gainer,Nutrition,3200,3,2024-04-28,HealthFuel Co.,9012345678
630,Rahul Mehra,9876543210,Treadmill X100,Fitness,30000,1,2024-04-24,FitEquip Ltd.,9123456789
631,Sneha Gupta,9988776655,Resistance Band,Fitness,800,4,2024-04-28,ZenStuff Inc.,9876543210
632,Sneha Gupta,9988776655,Treadmill X100,Fitness,30000,2,2024-04-19,FitEquip Ltd.,9123456789
633,Nisha Verma,9871234567,Treadmill X100,Fitness,30000,3,2024-04-26,FitEquip Ltd.,9123456789
634,Nisha Verma,9871234567,Mass Gainer,Nutrition,3200,1,2024-04-06,HealthFuel Co.,9012345678
635,Amit Singh,9123456789,Protein Shake,Nutrition,2500,3,2024-04-21,HealthFuel Co.,9012345678
636,Rahul Mehra,9876543210,Dumbbell Set,Fitness,4500,3,2024-04-17,FitEquip Ltd.,9123456789
637,Nisha Verma,9871234567,Protein Shake,Nutrition,2500,2,2024-04-20,HealthFuel Co.,9012345678
638,Karan Patel,9765432180,Mass Gainer,Nutrition,3200,5,2024-04-29,HealthFuel Co.,9012345678
639,Karan Patel,9765432180,Protein Shake,Nutrition,2500,2,2024-04-29,HealthFuel Co.,9012345678
640,Karan Patel,9765432180,Yoga Mat Pro,Fitness,1500,1,2024-04-26,ZenStuff Inc.,9876543210
641,Sneha Gupta,9988776655,Dumbbell Set,Fitness,4500,5,2024-04-14,FitEquip Ltd.,9123456789
642,Rahul Mehra,9876543210,Treadmill X100,Fitness,30000,4,2024-04-05,FitEquip Ltd.,9123456789
643,Nisha Verma,9871234567,Protein Shake,Nutrition,2500,2,2024-04-16,HealthFuel Co.,9012345678
644,Amit Singh,9123456789,Treadmill X100,Fitness,30000,2,2024-04-06,FitEquip Ltd.,9123456789
645,Sneha Gupta,9988776655,Treadmill X100,Fitness,30000,5,2024-04-11,FitEquip Ltd.,9123456789
646,Amit Singh,9123456789,Dumbbell Set,Fitness,4500,4,2024-04-03,FitEquip Ltd.,9123456789
647,Rahul Mehra,9876543210,Mass Gainer,Nutrition,3200,3,2024-04-04,HealthFuel Co.,9012345678
648,Sneha Gupta,9988776655,Protein Shake,Nutrition,2500,3,2024-04-23,HealthFuel Co.,9012345678
649,Amit Singh,9123456789,Treadmill X100,Fitness,30000,5,2024-04-23,FitEquip Ltd.,9123456789
650,Karan Patel,9765432180,Mass Gainer,Nutrition,3200,2,2024-04-23,HealthFuel Co.,9012345678
651,Sneha Gupta,9988776655,Mass Gainer,Nutrition,3200,5,2024-04-03,HealthFuel Co.,9012345678
652,Rahul Mehra,9876543210,Treadmill X100,Fitness,30000,5,2024-04-11,FitEquip Ltd.,9123456789
653,Karan Patel,9765432180,Treadmill X100,Fitness,30000,3,2024-04-22,FitEquip Ltd.,9123456789
654,Sneha Gupta,9988776655,Mass Gainer,Nutrition,3200,2,2024-04-01,HealthFuel Co.,9012345678
655,Nisha Verma,9871234567,Dumbbell Set,Fitness,4500,4,2024-04-08,FitEquip Ltd.,9123456789
656,Amit Singh,9123456789,Protein Shake,Nutrition,2500,3,2024-04-06,HealthFuel Co.,9012345678
657,Karan Patel,9765432180,Resistance Band,Fitness,800,2,2024-04-18,ZenStuff Inc.,9876543210
658,Sneha Gupta,9988776655,Treadmill X100,Fitness,30000,2,2024-04-14,FitEquip Ltd.,9123456789
659,Karan Patel,9765432180,Resistance Band,Fitness,800,3,2024-04-09,ZenStuff Inc.,9876543210
660,Nisha Verma,9871234567,Mass Gainer,Nutrition,3200,3,2024-04-27,HealthFuel Co.,9012345678
661,Rahul Mehra,9876543210,Mass Gainer,Nutrition,3200,4,2024-04-23,HealthFuel Co.,9012345678
662,Rahul Mehra,9876543210,Treadmill X100,Fitness,30000,3,2024-04-06,FitEquip Ltd.,9123456789
663,Nisha Verma,9871234567,Protein Shake,Nutrition,2500,2,2024-04-01,HealthFuel Co.,9012345678
664,Amit Singh,9123456789,Protein Shake,Nutrition,2500,3,2024-04-10,HealthFuel Co.,9012345678
665,Amit Singh,9123456789,Mass Gainer,Nutrition,3200,4,2024-04-08,HealthFuel Co.,9012345678
666,Sneha Gupta,9988776655,Dumbbell Set,Fitness,4500,3,2024-04-22,FitEquip Ltd.,9123456789
667,Karan Patel,9765432180,Yoga Mat Pro,Fitness,1500,1,2024-04-15,ZenStuff Inc.,9876543210
668,Rahul Mehra,9876543210,Yoga Mat Pro,Fitness,1500,4,2024-04-03,ZenStuff Inc.,9876543210
669,Rahul Mehra,9876543210,Resistance Band,Fitness,800,4,2024-04-03,ZenStuff Inc.,9876543210
670,Sneha Gupta,9988776655,Yoga Mat Pro,Fitness,1500,2,2024-04-28,ZenStuff Inc.,9876543210
671,Amit Singh,9123456789,Yoga Mat Pro,Fitness,1500,5,2024-04-03,ZenStuff Inc.,9876543210
672,Amit Singh,9123456789,Yoga Mat Pro,Fitness,1500,1,2024-04-14,ZenStuff Inc.,9876543210
673,Karan Patel,9765432180,Dumbbell Set,Fitness,4500,1,2024-04-12,FitEquip Ltd.,9123456789
674,Nisha Verma,9871234567,Resistance Band,Fitness,800,1,2024-04-23,ZenStuff Inc.,9876543210
675,Karan Patel,9765432180,Dumbbell Set,Fitness,4500,2,2024-04-26,FitEquip Ltd.,9123456789
676,Nisha Verma,9871234567,Mass Gainer,Nutrition,3200,3,2024-04-17,HealthFuel Co.,9012345678
677,Sneha Gupta,9988776655,Mass Gainer,Nutrition,3200,3,2024-04-30,HealthFuel Co.,9012345678
678,Karan Patel,9765432180,Dumbbell Set,Fitness,4500,3,2024-04-08,FitEquip Ltd.,9123456789
679,Rahul Mehra,9876543210,Mass Gainer,Nutrition,3200,5,2024-04-08,HealthFuel Co.,9012345678
680,Nisha Verma,9871234567,Resistance Band,Fitness,800,4,2024-04-20,ZenStuff Inc.,9876543210
681,Rahul Mehra,9876543210,Protein Shake,Nutrition,2500,3,2024-04-21,HealthFuel Co.,9012345678
682,Karan Patel,9765432180,Protein Shake,Nutrition,2500,2,2024-04-27,HealthFuel Co.,9012345678
683,Nisha Verma,9871234567,Protein Shake,Nutrition,2500,3,2024-04-23,HealthFuel Co.,9012345678
684,Amit Singh,9123456789,Treadmill X100,Fitness,30000,2,2024-05-01,FitEquip Ltd.,9123456789
685,Karan Patel,9765432180,Yoga Mat Pro,Fitness,1500,5,2024-04-20,ZenStuff Inc.,9876543210
686,Amit Singh,9123456789,Yoga Mat Pro,Fitness,1500,2,2024-04-10,ZenStuff Inc.,9876543210
687,Amit Singh,9123456789,Mass Gainer,Nutrition,3200,4,2024-04-03,HealthFuel Co.,9012345678
688,Rahul Mehra,9876543210,Protein Shake,Nutrition,2500,5,2024-04-10,HealthFuel Co.,9012345678
689,Rahul Mehra,9876543210,Protein Shake,Nutrition,2500,4,2024-04-14,HealthFuel Co.,9012345678
690,Sneha Gupta,9988776655,Treadmill X100,Fitness,30000,5,2024-04-21,FitEquip Ltd.,9123456789
691,Karan Patel,9765432180,Dumbbell Set,Fitness,4500,3,2024-04-08,FitEquip Ltd.,9123456789
692,Amit Singh,9123456789,Mass Gainer,Nutrition,3200,1,2024-04-11,HealthFuel Co.,9012345678
693,Amit Singh,9123456789,Yoga Mat Pro,Fitness,1500,4,2024-04-27,ZenStuff Inc.,9876543210
694,Karan Patel,9765432180,Dumbbell Set,Fitness,4500,2,2024-04-02,FitEquip Ltd.,9123456789
695,Rahul Mehra,9876543210,Mass Gainer,Nutrition,3200,4,2024-04-11,HealthFuel Co.,9012345678
696,Amit Singh,9123456789,Dumbbell Set,Fitness,4500,2,2024-04-10,FitEquip Ltd.,9123456789
697,Karan Patel,9765432180,Protein Shake,Nutrition,2500,3,2024-04-24,HealthFuel Co.,9012345678
698,Sneha Gupta,9988776655,Yoga Mat Pro,Fitness,1500,4,2024-04-10,ZenStuff Inc.,9876543210
699,Rahul Mehra,9876543210,Protein Shake,Nutrition,2500,1,2024-04-05,HealthFuel Co.,9012345678
700,Amit Singh,9123456789,Dumbbell Set,Fitness,4500,5,2024-04-13,FitEquip Ltd.,9123456789
701,Rahul Mehra,9876543210,Mass Gainer,Nutrition,3200,4,2024-04-25,HealthFuel Co.,9012345678
702,Karan Patel,9765432180,Yoga Mat Pro,Fitness,1500,4,2024-04-25,ZenStuff Inc.,9876543210
703,Karan Patel,9765432180,Treadmill X100,Fitness,30000,1,2024-04-02,FitEquip Ltd.,9123456789
704,Amit Singh,9123456789,Protein Shake,Nutrition,2500,5,2024-04-06,HealthFuel Co.,9012345678
705,Sneha Gupta,9988776655,Resistance Band,Fitness,800,3,2024-04-03,ZenStuff Inc.,9876543210
706,Rahul Mehra,9876543210,Protein Shake,Nutrition,2500,1,2024-04-12,HealthFuel Co.,9012345678
707,Nisha Verma,9871234567,Yoga Mat Pro,Fitness,1500,1,2024-04-20,ZenStuff Inc.,9876543210
708,Karan Patel,9765432180,Protein Shake,Nutrition,2500,2,2024-04-23,HealthFuel Co.,9012345678
709,Rahul Mehra,9876543210,Dumbbell Set,Fitness,4500,3,2024-04-17,FitEquip Ltd.,9123456789
710,Amit Singh,9123456789,Yoga Mat Pro,Fitness,1500,1,2024-05-01,ZenStuff Inc.,9876543210
711,Sneha Gupta,9988776655,Treadmill X100,Fitness,30000,1,2024-04-11,FitEquip Ltd.,9123456789
712,Nisha Verma,9871234567,Dumbbell Set,Fitness,4500,4,2024-04-17,FitEquip Ltd.,9123456789
713,Karan Patel,9765432180,Protein Shake,Nutrition,2500,2,2024-04-12,HealthFuel Co.,9012345678
714,Nisha Verma,9871234567,Dumbbell Set,Fitness,4500,3,2024-04-01,FitEquip Ltd.,9123456789
715,Rahul Mehra,9876543210,Mass Gainer,Nutrition,3200,2,2024-04-10,HealthFuel Co.,9012345678
716,Rahul Mehra,9876543210,Dumbbell Set,Fitness,4500,2,2024-04-06,FitEquip Ltd.,9123456789
717,Sneha Gupta,9988776655,Dumbbell Set,Fitness,4500,5,2024-04-14,FitEquip Ltd.,9123456789
718,Nisha Verma,9871234567,Resistance Band,Fitness,800,2,2024-04-04,ZenStuff Inc.,9876543210
719,Amit Singh,9123456789,Resistance Band,Fitness,800,5,2024-04-18,ZenStuff Inc.,9876543210
720,Nisha Verma,9871234567,Mass Gainer,Nutrition,3200,2,2024-04-27,HealthFuel Co.,9012345678
721,Rahul Mehra,9876543210,Dumbbell Set,Fitness,4500,3,2024-04-10,FitEquip Ltd.,9123456789
722,Sneha Gupta,9988776655,Protein Shake,Nutrition,2500,4,2024-04-09,HealthFuel Co.,9012345678
723,Sneha Gupta,9988776655,Resistance Band,Fitness,800,3,2024-04-02,ZenStuff Inc.,9876543210
724,Amit Singh,9123456789,Resistance Band,Fitness,800,4,2024-04-27,ZenStuff Inc.,9876543210
725,Karan Patel,9765432180,Yoga Mat Pro,Fitness,1500,1,2024-04-07,ZenStuff Inc.,9876543210
726,Nisha Verma,9871234567,Dumbbell Set,Fitness,4500,1,2024-04-06,FitEquip Ltd.,9123456789
727,Amit Singh,9123456789,Mass Gainer,Nutrition,3200,1,2024-04-07,HealthFuel Co.,9012345678
728,Sneha Gupta,9988776655,Mass Gainer,Nutrition,3200,3,2024-04-06,HealthFuel Co.,9012345678
729,Rahul Mehra,9876543210,Treadmill X100,Fitness,30000,4,2024-04-19,FitEquip Ltd.,9123456789
730,Amit Singh,9123456789,Treadmill X100,Fitness,30000,2,2024-04-04,FitEquip Ltd.,9123456789
731,Nisha Verma,9871234567,Protein Shake,Nutrition,2500,1,2024-04-07,HealthFuel Co.,9012345678
732,Amit Singh,9123456789,Mass Gainer,Nutrition,3200,2,2024-04-30,HealthFuel Co.,9012345678
733,Nisha Verma,9871234567,Resistance Band,Fitness,800,1,2024-04-02,ZenStuff Inc.,9876543210
734,Rahul Mehra,9876543210,Protein Shake,Nutrition,2500,3,2024-04-12,HealthFuel Co.,9012345678
735,Rahul Mehra,9876543210,Yoga Mat Pro,Fitness,1500,5,2024-04-29,ZenStuff Inc.,9876543210
736,Sneha Gupta,9988776655,Yoga Mat Pro,Fitness,1500,1,2024-04-23,ZenStuff Inc.,9876543210
737,Nisha Verma,9871234567,Treadmill X100,Fitness,30000,4,2024-04-07,FitEquip Ltd.,9123456789
738,Nisha Verma,9871234567,Dumbbell Set,Fitness,4500,1,2024-04-22,FitEquip Ltd.,9123456789
739,Rahul Mehra,9876543210,Yoga Mat Pro,Fitness,1500,3,2024-04-10,ZenStuff Inc.,9876543210
740,Amit Singh,9123456789,Dumbbell Set,Fitness,4500,2,2024-04-29,FitEquip Ltd.,9123456789
741,Sneha Gupta,9988776655,Dumbbell Set,Fitness,4500,1,2024-04-20,FitEquip Ltd.,9123456789
742,Amit Singh,9123456789,Treadmill X100,Fitness,30000,3,2024-04-13,FitEquip Ltd.,9123456789
743,Nisha Verma,9871234567,Dumbbell Set,Fitness,4500,1,2024-04-14,FitEquip Ltd.,9123456789
744,Amit Singh,9123456789,Mass Gainer,Nutrition,3200,3,2024-04-13,HealthFuel Co.,9012345678
745,Rahul Mehra,9876543210,Treadmill X100,Fitness,30000,2,2024-04-24,FitEquip Ltd.,9123456789
746,Amit Singh,9123456789,Protein Shake,Nutrition,2500,2,2024-04-11,HealthFuel Co.,9012345678
747,Sneha Gupta,9988776655,Yoga Mat Pro,Fitness,1500,3,2024-04-16,ZenStuff Inc.,9876543210
748,Rahul Mehra,9876543210,Treadmill X100,Fitness,30000,4,2024-04-21,FitEquip Ltd.,9123456789
749,Nisha Verma,9871234567,Treadmill X100,Fitness,30000,5,2024-04-15,FitEquip Ltd.,9123456789
750,Nisha Verma,9871234567,Yoga Mat Pro,Fitness,1500,3,2024-04-15,ZenStuff Inc.,9876543210
751,Karan Patel,9765432180,Dumbbell Set,Fitness,4500,3,2024-05-01,FitEquip Ltd.,9123456789
752,Amit Singh,9123456789,Mass Gainer,Nutrition,3200,3,2024-04-27,HealthFuel Co.,9012345678
753,Sneha Gupta,9988776655,Mass Gainer,Nutrition,3200,3,2024-04-24,HealthFuel Co.,9012345678
754,Rahul Mehra,9876543210,Treadmill X100,Fitness,30000,5,2024-04-20,FitEquip Ltd.,9123456789
755,Rahul Mehra,9876543210,Yoga Mat Pro,Fitness,1500,2,2024-04-15,ZenStuff Inc.,9876543210
756,Amit Singh,9123456789,Mass Gainer,Nutrition,3200,1,2024-04-28,HealthFuel Co.,9012345678
757,Karan Patel,9765432180,Mass Gainer,Nutrition,3200,5,2024-04-14,HealthFuel Co.,9012345678
758,Rahul Mehra,9876543210,Protein Shake,Nutrition,2500,5,2024-04-01,HealthFuel Co.,9012345678
759,Nisha Verma,9871234567,Resistance Band,Fitness,800,2,2024-04-11,ZenStuff Inc.,9876543210
760,Sneha Gupta,9988776655,Treadmill X100,Fitness,30000,2,2024-05-01,FitEquip Ltd.,9123456789
761,Sneha Gupta,9988776655,Protein Shake,Nutrition,2500,3,2024-04-02,HealthFuel Co.,9012345678
762,Nisha Verma,9871234567,Mass Gainer,Nutrition,3200,1,2024-04-22,HealthFuel Co.,9012345678
763,Rahul Mehra,9876543210,Mass Gainer,Nutrition,3200,5,2024-04-08,HealthFuel Co.,9012345678
764,Amit Singh,9123456789,Treadmill X100,Fitness,30000,3,2024-04-30,FitEquip Ltd.,9123456789
765,Karan Patel,9765432180,Dumbbell Set,Fitness,4500,2,2024-04-28,FitEquip Ltd.,9123456789
766,Karan Patel,9765432180,Resistance Band,Fitness,800,5,2024-04-19,ZenStuff Inc.,9876543210
767,Nisha Verma,9871234567,Resistance Band,Fitness,800,1,2024-04-30,ZenStuff Inc.,9876543210
768,Amit Singh,9123456789,Protein Shake,Nutrition,2500,1,2024-04-11,HealthFuel Co.,9012345678
769,Rahul Mehra,9876543210,Protein Shake,Nutrition,2500,5,2024-04-15,HealthFuel Co.,9012345678
770,Sneha Gupta,9988776655,Mass Gainer,Nutrition,3200,4,2024-04-22,HealthFuel Co.,9012345678
771,Sneha Gupta,9988776655,Mass Gainer,Nutrition,3200,2,2024-04-18,HealthFuel Co.,9012345678
772,Karan Patel,9765432180,Mass Gainer,Nutrition,3200,4,2024-04-06,HealthFuel Co.,9012345678
773,Karan Patel,9765432180,Resistance Band,Fitness,800,3,2024-04-02,ZenStuff Inc.,9876543210
774,Amit Singh,9123456789,Protein Shake,Nutrition,2500,4,2024-04-14,HealthFuel Co.,9012345678
775,Rahul Mehra,9876543210,Mass Gainer,Nutrition,3200,4,2024-04-08,HealthFuel Co.,9012345678
776,Nisha Verma,9871234567,Mass Gainer,Nutrition,3200,4,2024-04-25,HealthFuel Co.,9012345678
777,Karan Patel,9765432180,Resistance Band,Fitness,800,4,2024-04-28,ZenStuff Inc.,9876543210
778,Rahul Mehra,9876543210,Treadmill X100,Fitness,30000,2,2024-04-26,FitEquip Ltd.,9123456789
779,Rahul Mehra,9876543210,Yoga Mat Pro,Fitness,1500,5,2024-04-05,ZenStuff Inc.,9876543210
780,Nisha Verma,9871234567,Mass Gainer,Nutrition,3200,5,2024-04-02,HealthFuel Co.,9012345678
781,Amit Singh,9123456789,Dumbbell Set,Fitness,4500,2,2024-04-17,FitEquip Ltd.,9123456789
782,Nisha Verma,9871234567,Yoga Mat Pro,Fitness,1500,4,2024-04-14,ZenStuff Inc.,9876543210
783,Nisha Verma,9871234567,Yoga Mat Pro,Fitness,1500,2,2024-04-24,ZenStuff Inc.,9876543210
784,Karan Patel,9765432180,Resistance Band,Fitness,800,4,2024-04-07,ZenStuff Inc.,9876543210
785,Sneha Gupta,9988776655,Protein Shake,Nutrition,2500,5,2024-04-11,HealthFuel Co.,9012345678
786,Nisha Verma,9871234567,Dumbbell Set,Fitness,4500,1,2024-04-10,FitEquip Ltd.,9123456789
787,Amit Singh,9123456789,Protein Shake,Nutrition,2500,5,2024-04-13,HealthFuel Co.,9012345678
788,Nisha Verma,9871234567,Treadmill X100,Fitness,30000,1,2024-04-21,FitEquip Ltd.,9123456789
789,Sneha Gupta,9988776655,Protein Shake,Nutrition,2500,1,2024-04-23,HealthFuel Co.,9012345678
790,Amit Singh,9123456789,Mass Gainer,Nutrition,3200,5,2024-04-08,HealthFuel Co.,9012345678
791,Amit Singh,9123456789,Mass Gainer,Nutrition,3200,5,2024-04-29,HealthFuel Co.,9012345678
792,Nisha Verma,9871234567,Treadmill X100,Fitness,30000,1,2024-04-13,FitEquip Ltd.,9123456789
793,Rahul Mehra,9876543210,Mass Gainer,Nutrition,3200,2,2024-04-09,HealthFuel Co.,9012345678
794,Karan Patel,9765432180,Protein Shake,Nutrition,2500,4,2024-04-28,HealthFuel Co.,9012345678
795,Rahul Mehra,9876543210,Resistance Band,Fitness,800,5,2024-04-09,ZenStuff Inc.,9876543210
796,Karan Patel,9765432180,Dumbbell Set,Fitness,4500,4,2024-04-05,FitEquip Ltd.,9123456789
797,Sneha Gupta,9988776655,Treadmill X100,Fitness,30000,4,2024-04-07,FitEquip Ltd.,9123456789
798,Karan Patel,9765432180,Yoga Mat Pro,Fitness,1500,2,2024-04-24,ZenStuff Inc.,9876543210
799,Nisha Verma,9871234567,Mass Gainer,Nutrition,3200,3,2024-04-30,HealthFuel Co.,9012345678
800,Karan Patel,9765432180,Treadmill X100,Fitness,30000,5,2024-05-01,FitEquip Ltd.,9123456789
801,Karan Patel,9765432180,Dumbbell Set,Fitness,4500,2,2024-04-09,FitEquip Ltd.,9123456789
802,Amit Singh,9123456789,Protein Shake,Nutrition,2500,3,2024-04-23,HealthFuel Co.,9012345678
803,Sneha Gupta,9988776655,Yoga Mat Pro,Fitness,1500,4,2024-05-01,ZenStuff Inc.,9876543210
804,Rahul Mehra,9876543210,Mass Gainer,Nutrition,3200,5,2024-04-30,HealthFuel Co.,9012345678
805,Karan Patel,9765432180,Treadmill X100,Fitness,30000,1,2024-04-24,FitEquip Ltd.,9123456789
806,Amit Singh,9123456789,Dumbbell Set,Fitness,4500,3,2024-04-23,FitEquip Ltd.,9123456789
807,Karan Patel,9765432180,Dumbbell Set,Fitness,4500,4,2024-04-04,FitEquip Ltd.,9123456789
808,Nisha Verma,9871234567,Resistance Band,Fitness,800,5,2024-04-26,ZenStuff Inc.,9876543210
809,Nisha Verma,9871234567,Dumbbell Set,Fitness,4500,2,2024-04-21,FitEquip Ltd.,9123456789
810,Karan Patel,9765432180,Mass Gainer,Nutrition,3200,1,2024-04-02,HealthFuel Co.,9012345678
811,Karan Patel,9765432180,Mass Gainer,Nutrition,3200,3,2024-04-03,HealthFuel Co.,9012345678
812,Sneha Gupta,9988776655,Dumbbell Set,Fitness,4500,1,2024-04-29,FitEquip Ltd.,9123456789
813,Karan Patel,9765432180,Mass Gainer,Nutrition,3200,3,2024-05-01,HealthFuel Co.,9012345678
814,Rahul Mehra,9876543210,Dumbbell Set,Fitness,4500,2,2024-04-19,FitEquip Ltd.,9123456789
815,Karan Patel,9765432180,Resistance Band,Fitness,800,1,2024-04-17,ZenStuff Inc.,9876543210
816,Karan Patel,9765432180,Protein Shake,Nutrition,2500,2,2024-05-01,HealthFuel Co.,9012345678
817,Sneha Gupta,9988776655,Mass Gainer,Nutrition,3200,5,2024-04-20,HealthFuel Co.,9012345678
818,Karan Patel,9765432180,Resistance Band,Fitness,800,5,2024-04-09,ZenStuff Inc.,9876543210
819,Sneha Gupta,9988776655,Protein Shake,Nutrition,2500,5,2024-04-04,HealthFuel Co.,9012345678
820,Rahul Mehra,9876543210,Resistance Band,Fitness,800,4,2024-04-12,ZenStuff Inc.,9876543210
821,Nisha Verma,9871234567,Resistance Band,Fitness,800,5,2024-04-26,ZenStuff Inc.,9876543210
822,Karan Patel,9765432180,Dumbbell Set,Fitness,4500,5,2024-04-03,FitEquip Ltd.,9123456789
823,Karan Patel,9765432180,Treadmill X100,Fitness,30000,4,2024-04-22,FitEquip Ltd.,9123456789
824,Sneha Gupta,9988776655,Yoga Mat Pro,Fitness,1500,3,2024-04-23,ZenStuff Inc.,9876543210
825,Sneha Gupta,9988776655,Mass Gainer,Nutrition,3200,4,2024-04-25,HealthFuel Co.,9012345678
826,Karan Patel,9765432180,Resistance Band,Fitness,800,4,2024-04-23,ZenStuff Inc.,9876543210
827,Amit Singh,9123456789,Treadmill X100,Fitness,30000,2,2024-04-01,FitEquip Ltd.,9123456789
828,Rahul Mehra,9876543210,Dumbbell Set,Fitness,4500,5,2024-04-04,FitEquip Ltd.,9123456789
829,Nisha Verma,9871234567,Protein Shake,Nutrition,2500,4,2024-04-07,HealthFuel Co.,9012345678
830,Rahul Mehra,9876543210,Mass Gainer,Nutrition,3200,3,2024-04-17,HealthFuel Co.,9012345678
831,Sneha Gupta,9988776655,Yoga Mat Pro,Fitness,1500,5,2024-04-22,ZenStuff Inc.,9876543210
832,Nisha Verma,9871234567,Resistance Band,Fitness,800,1,2024-04-01,ZenStuff Inc.,9876543210
833,Nisha Verma,9871234567,Protein Shake,Nutrition,2500,4,2024-04-23,HealthFuel Co.,9012345678
834,Rahul Mehra,9876543210,Dumbbell Set,Fitness,4500,1,2024-04-29,FitEquip Ltd.,9123456789
835,Nisha Verma,9871234567,Mass Gainer,Nutrition,3200,1,2024-04-18,HealthFuel Co.,9012345678
836,Nisha Verma,9871234567,Protein Shake,Nutrition,2500,5,2024-04-09,HealthFuel Co.,9012345678
837,Amit Singh,9123456789,Treadmill X100,Fitness,30000,1,2024-04-25,FitEquip Ltd.,9123456789
838,Nisha Verma,9871234567,Resistance Band,Fitness,800,3,2024-04-24,ZenStuff Inc.,9876543210
839,Rahul Mehra,9876543210,Dumbbell Set,Fitness,4500,4,2024-04-16,FitEquip Ltd.,9123456789
840,Nisha Verma,9871234567,Treadmill X100,Fitness,30000,5,2024-04-17,FitEquip Ltd.,9123456789
841,Sneha Gupta,9988776655,Resistance Band,Fitness,800,1,2024-04-30,ZenStuff Inc.,9876543210
842,Sneha Gupta,9988776655,Mass Gainer,Nutrition,3200,2,2024-04-11,HealthFuel Co.,9012345678
843,Sneha Gupta,9988776655,Protein Shake,Nutrition,2500,5,2024-04-25,HealthFuel Co.,9012345678
844,Rahul Mehra,9876543210,Dumbbell Set,Fitness,4500,2,2024-04-02,FitEquip Ltd.,9123456789
845,Amit Singh,9123456789,Treadmill X100,Fitness,30000,3,2024-04-03,FitEquip Ltd.,9123456789
846,Sneha Gupta,9988776655,Yoga Mat Pro,Fitness,1500,2,2024-04-09,ZenStuff Inc.,9876543210
847,Nisha Verma,9871234567,Treadmill X100,Fitness,30000,5,2024-05-01,FitEquip Ltd.,9123456789
848,Rahul Mehra,9876543210,Yoga Mat Pro,Fitness,1500,5,2024-04-03,ZenStuff Inc.,9876543210
849,Rahul Mehra,9876543210,Resistance Band,Fitness,800,2,2024-04-29,ZenStuff Inc.,9876543210
850,Amit Singh,9123456789,Yoga Mat Pro,Fitness,1500,3,2024-04-23,ZenStuff Inc.,9876543210
851,Rahul Mehra,9876543210,Mass Gainer,Nutrition,3200,3,2024-04-02,HealthFuel Co.,9012345678
852,Rahul Mehra,9876543210,Protein Shake,Nutrition,2500,2,2024-04-20,HealthFuel Co.,9012345678
853,Sneha Gupta,9988776655,Yoga Mat Pro,Fitness,1500,2,2024-04-02,ZenStuff Inc.,9876543210
854,Sneha Gupta,9988776655,Dumbbell Set,Fitness,4500,2,2024-04-08,FitEquip Ltd.,9123456789
855,Nisha Verma,9871234567,Treadmill X100,Fitness,30000,4,2024-04-01,FitEquip Ltd.,9123456789
856,Sneha Gupta,9988776655,Resistance Band,Fitness,800,3,2024-04-03,ZenStuff Inc.,9876543210
857,Rahul Mehra,9876543210,Resistance Band,Fitness,800,5,2024-04-26,ZenStuff Inc.,9876543210
858,Amit Singh,9123456789,Protein Shake,Nutrition,2500,4,2024-04-01,HealthFuel Co.,9012345678
859,Rahul Mehra,9876543210,Resistance Band,Fitness,800,3,2024-04-10,ZenStuff Inc.,9876543210
860,Amit Singh,9123456789,Dumbbell Set,Fitness,4500,2,2024-04-05,FitEquip Ltd.,9123456789
861,Sneha Gupta,9988776655,Mass Gainer,Nutrition,3200,2,2024-04-02,HealthFuel Co.,9012345678
862,Sneha Gupta,9988776655,Protein Shake,Nutrition,2500,4,2024-04-09,HealthFuel Co.,9012345678
863,Karan Patel,9765432180,Mass Gainer,Nutrition,3200,1,2024-04-10,HealthFuel Co.,9012345678
864,Nisha Verma,9871234567,Yoga Mat Pro,Fitness,1500,5,2024-04-03,ZenStuff Inc.,9876543210
865,Rahul Mehra,9876543210,Mass Gainer,Nutrition,3200,5,2024-04-28,HealthFuel Co.,9012345678
866,Rahul Mehra,9876543210,Mass Gainer,Nutrition,3200,2,2024-04-11,HealthFuel Co.,9012345678
867,Rahul Mehra,9876543210,Protein Shake,Nutrition,2500,2,2024-04-18,HealthFuel Co.,9012345678
868,Amit Singh,9123456789,Yoga Mat Pro,Fitness,1500,4,2024-04-04,ZenStuff Inc.,9876543210
869,Sneha Gupta,9988776655,Treadmill X100,Fitness,30000,4,2024-04-28,FitEquip Ltd.,9123456789
870,Sneha Gupta,9988776655,Yoga Mat Pro,Fitness,1500,4,2024-04-20,ZenStuff Inc.,9876543210
871,Nisha Verma,9871234567,Mass Gainer,Nutrition,3200,2,2024-04-14,HealthFuel Co.,9012345678
872,Karan Patel,9765432180,Treadmill X100,Fitness,30000,2,2024-04-18,FitEquip Ltd.,9123456789
873,Amit Singh,9123456789,Dumbbell Set,Fitness,4500,5,2024-04-01,FitEquip Ltd.,9123456789
874,Sneha Gupta,9988776655,Mass Gainer,Nutrition,3200,4,2024-04-17,HealthFuel Co.,9012345678
875,Rahul Mehra,9876543210,Treadmill X100,Fitness,30000,2,2024-04-07,FitEquip Ltd.,9123456789
876,Nisha Verma,9871234567,Dumbbell Set,Fitness,4500,3,2024-04-23,FitEquip Ltd.,9123456789
877,Rahul Mehra,9876543210,Treadmill X100,Fitness,30000,3,2024-04-17,FitEquip Ltd.,9123456789
878,Amit Singh,9123456789,Yoga Mat Pro,Fitness,1500,1,2024-04-26,ZenStuff Inc.,9876543210
879,Amit Singh,9123456789,Resistance Band,Fitness,800,3,2024-04-14,ZenStuff Inc.,9876543210
880,Karan Patel,9765432180,Mass Gainer,Nutrition,3200,3,2024-04-22,HealthFuel Co.,9012345678
881,Rahul Mehra,9876543210,Mass Gainer,Nutrition,3200,4,2024-04-01,HealthFuel Co.,9012345678
882,Rahul Mehra,9876543210,Mass Gainer,Nutrition,3200,2,2024-04-29,HealthFuel Co.,9012345678
883,Sneha Gupta,9988776655,Treadmill X100,Fitness,30000,4,2024-04-23,FitEquip Ltd.,9123456789
884,Rahul Mehra,9876543210,Yoga Mat Pro,Fitness,1500,2,2024-04-24,ZenStuff Inc.,9876543210
885,Amit Singh,9123456789,Protein Shake,Nutrition,2500,3,2024-05-01,HealthFuel Co.,9012345678
886,Amit Singh,9123456789,Protein Shake,Nutrition,2500,3,2024-04-10,HealthFuel Co.,9012345678
887,Sneha Gupta,9988776655,Mass Gainer,Nutrition,3200,3,2024-05-01,HealthFuel Co.,9012345678
888,Nisha Verma,9871234567,Dumbbell Set,Fitness,4500,4,2024-04-20,FitEquip Ltd.,9123456789
889,Karan Patel,9765432180,Dumbbell Set,Fitness,4500,2,2024-04-19,FitEquip Ltd.,9123456789
890,Rahul Mehra,9876543210,Protein Shake,Nutrition,2500,5,2024-04-20,HealthFuel Co.,9012345678
891,Sneha Gupta,9988776655,Yoga Mat Pro,Fitness,1500,1,2024-05-01,ZenStuff Inc.,9876543210
892,Rahul Mehra,9876543210,Yoga Mat Pro,Fitness,1500,3,2024-04-01,ZenStuff Inc.,9876543210
893,Rahul Mehra,9876543210,Protein Shake,Nutrition,2500,1,2024-04-07,HealthFuel Co.,9012345678
894,Sneha Gupta,9988776655,Resistance Band,Fitness,800,2,2024-04-03,ZenStuff Inc.,9876543210
895,Karan Patel,9765432180,Resistance Band,Fitness,800,3,2024-04-03,ZenStuff Inc.,9876543210
896,Karan Patel,9765432180,Mass Gainer,Nutrition,3200,5,2024-04-22,HealthFuel Co.,9012345678
897,Sneha Gupta,9988776655,Yoga Mat Pro,Fitness,1500,1,2024-04-21,ZenStuff Inc.,9876543210
898,Sneha Gupta,9988776655,Treadmill X100,Fitness,30000,1,2024-04-17,FitEquip Ltd.,9123456789
899,Nisha Verma,9871234567,Yoga Mat Pro,Fitness,1500,2,2024-04-23,ZenStuff Inc.,9876543210
900,Amit Singh,9123456789,Yoga Mat Pro,Fitness,1500,1,2024-04-24,ZenStuff Inc.,9876543210
901,Karan Patel,9765432180,Mass Gainer,Nutrition,3200,1,2024-04-23,HealthFuel Co.,9012345678
902,Karan Patel,9765432180,Treadmill X100,Fitness,30000,5,2024-04-14,FitEquip Ltd.,9123456789
903,Nisha Verma,9871234567,Protein Shake,Nutrition,2500,4,2024-04-11,HealthFuel Co.,9012345678
904,Sneha Gupta,9988776655,Resistance Band,Fitness,800,4,2024-04-17,ZenStuff Inc.,9876543210
905,Sneha Gupta,9988776655,Protein Shake,Nutrition,2500,2,2024-04-04,HealthFuel Co.,9012345678
906,Nisha Verma,9871234567,Treadmill X100,Fitness,30000,1,2024-04-07,FitEquip Ltd.,9123456789
907,Sneha Gupta,9988776655,Resistance Band,Fitness,800,1,2024-04-01,ZenStuff Inc.,9876543210
908,Amit Singh,9123456789,Protein Shake,Nutrition,2500,5,2024-04-13,HealthFuel Co.,9012345678
909,Amit Singh,9123456789,Treadmill X100,Fitness,30000,2,2024-04-30,FitEquip Ltd.,9123456789
910,Amit Singh,9123456789,Mass Gainer,Nutrition,3200,1,2024-04-20,HealthFuel Co.,9012345678
911,Nisha Verma,9871234567,Mass Gainer,Nutrition,3200,3,2024-05-01,HealthFuel Co.,9012345678
912,Nisha Verma,9871234567,Dumbbell Set,Fitness,4500,3,2024-04-17,FitEquip Ltd.,9123456789
913,Rahul Mehra,9876543210,Protein Shake,Nutrition,2500,2,2024-04-30,HealthFuel Co.,9012345678
914,Sneha Gupta,9988776655,Resistance Band,Fitness,800,5,2024-04-01,ZenStuff Inc.,9876543210
915,Karan Patel,9765432180,Dumbbell Set,Fitness,4500,5,2024-04-01,FitEquip Ltd.,9123456789
916,Sneha Gupta,9988776655,Resistance Band,Fitness,800,4,2024-04-13,ZenStuff Inc.,9876543210
917,Amit Singh,9123456789,Treadmill X100,Fitness,30000,1,2024-04-15,FitEquip Ltd.,9123456789
918,Karan Patel,9765432180,Dumbbell Set,Fitness,4500,4,2024-04-02,FitEquip Ltd.,9123456789
919,Sneha Gupta,9988776655,Resistance Band,Fitness,800,2,2024-04-13,ZenStuff Inc.,9876543210
920,Rahul Mehra,9876543210,Treadmill X100,Fitness,30000,3,2024-04-26,FitEquip Ltd.,9123456789
921,Nisha Verma,9871234567,Dumbbell Set,Fitness,4500,4,2024-04-16,FitEquip Ltd.,9123456789
922,Amit Singh,9123456789,Mass Gainer,Nutrition,3200,3,2024-04-10,HealthFuel Co.,9012345678
923,Amit Singh,9123456789,Mass Gainer,Nutrition,3200,3,2024-04-01,HealthFuel Co.,9012345678
924,Rahul Mehra,9876543210,Mass Gainer,Nutrition,3200,1,2024-04-28,HealthFuel Co.,9012345678
925,Sneha Gupta,9988776655,Mass Gainer,Nutrition,3200,2,2024-04-07,HealthFuel Co.,9012345678
926,Rahul Mehra,9876543210,Resistance Band,Fitness,800,1,2024-04-29,ZenStuff Inc.,9876543210
927,Nisha Verma,9871234567,Treadmill X100,Fitness,30000,3,2024-04-29,FitEquip Ltd.,9123456789
928,Nisha Verma,9871234567,Yoga Mat Pro,Fitness,1500,4,2024-05-01,ZenStuff Inc.,9876543210
929,Sneha Gupta,9988776655,Resistance Band,Fitness,800,3,2024-04-25,ZenStuff Inc.,9876543210
930,Sneha Gupta,9988776655,Treadmill X100,Fitness,30000,2,2024-04-24,FitEquip Ltd.,9123456789
931,Karan Patel,9765432180,Resistance Band,Fitness,800,2,2024-04-15,ZenStuff Inc.,9876543210
932,Karan Patel,9765432180,Mass Gainer,Nutrition,3200,3,2024-04-26,HealthFuel Co.,9012345678
933,Amit Singh,9123456789,Mass Gainer,Nutrition,3200,1,2024-04-04,HealthFuel Co.,9012345678
934,Rahul Mehra,9876543210,Resistance Band,Fitness,800,3,2024-04-19,ZenStuff Inc.,9876543210
935,Nisha Verma,9871234567,Mass Gainer,Nutrition,3200,5,2024-04-19,HealthFuel Co.,9012345678
936,Amit Singh,9123456789,Treadmill X100,Fitness,30000,2,2024-04-02,FitEquip Ltd.,9123456789
937,Nisha Verma,9871234567,Mass Gainer,Nutrition,3200,2,2024-04-09,HealthFuel Co.,9012345678
938,Nisha Verma,9871234567,Protein Shake,Nutrition,2500,1,2024-04-22,HealthFuel Co.,9012345678
939,Karan Patel,9765432180,Treadmill X100,Fitness,30000,1,2024-04-13,FitEquip Ltd.,9123456789
940,Amit Singh,9123456789,Yoga Mat Pro,Fitness,1500,1,2024-04-19,ZenStuff Inc.,9876543210
941,Amit Singh,9123456789,Treadmill X100,Fitness,30000,2,2024-04-28,FitEquip Ltd.,9123456789
942,Rahul Mehra,9876543210,Mass Gainer,Nutrition,3200,4,2024-04-10,HealthFuel Co.,9012345678
943,Amit Singh,9123456789,Yoga Mat Pro,Fitness,1500,4,2024-04-02,ZenStuff Inc.,9876543210
944,Rahul Mehra,9876543210,Dumbbell Set,Fitness,4500,3,2024-04-30,FitEquip Ltd.,9123456789
945,Sneha Gupta,9988776655,Protein Shake,Nutrition,2500,4,2024-04-27,HealthFuel Co.,9012345678
946,Sneha Gupta,9988776655,Dumbbell Set,Fitness,4500,1,2024-04-02,FitEquip Ltd.,9123456789
947,Karan Patel,9765432180,Resistance Band,Fitness,800,2,2024-04-30,ZenStuff Inc.,9876543210
948,Nisha Verma,9871234567,Yoga Mat Pro,Fitness,1500,4,2024-04-13,ZenStuff Inc.,9876543210
949,Karan Patel,9765432180,Treadmill X100,Fitness,30000,4,2024-04-26,FitEquip Ltd.,9123456789
950,Karan Patel,9765432180,Yoga Mat Pro,Fitness,1500,4,2024-04-21,ZenStuff Inc.,9876543210
951,Karan Patel,9765432180,Dumbbell Set,Fitness,4500,3,2024-04-15,FitEquip Ltd.,9123456789
952,Rahul Mehra,9876543210,Mass Gainer,Nutrition,3200,3,2024-04-15,HealthFuel Co.,9012345678
953,Nisha Verma,9871234567,Dumbbell Set,Fitness,4500,5,2024-05-01,FitEquip Ltd.,9123456789
954,Karan Patel,9765432180,Protein Shake,Nutrition,2500,5,2024-04-11,HealthFuel Co.,9012345678
955,Amit Singh,9123456789,Treadmill X100,Fitness,30000,5,2024-04-19,FitEquip Ltd.,9123456789
956,Amit Singh,9123456789,Protein Shake,Nutrition,2500,5,2024-04-06,HealthFuel Co.,9012345678
957,Nisha Verma,9871234567,Protein Shake,Nutrition,2500,3,2024-05-01,HealthFuel Co.,9012345678
958,Amit Singh,9123456789,Yoga Mat Pro,Fitness,1500,3,2024-04-27,ZenStuff Inc.,9876543210
959,Karan Patel,9765432180,Treadmill X100,Fitness,30000,2,2024-04-09,FitEquip Ltd.,9123456789
960,Rahul Mehra,9876543210,Protein Shake,Nutrition,2500,2,2024-04-02,HealthFuel Co.,9012345678
961,Amit Singh,9123456789,Resistance Band,Fitness,800,3,2024-04-15,ZenStuff Inc.,9876543210
962,Nisha Verma,9871234567,Mass Gainer,Nutrition,3200,5,2024-04-29,HealthFuel Co.,9012345678
963,Nisha Verma,9871234567,Dumbbell Set,Fitness,4500,4,2024-04-03,FitEquip Ltd.,9123456789
964,Amit Singh,9123456789,Protein Shake,Nutrition,2500,2,2024-04-10,HealthFuel Co.,9012345678
965,Amit Singh,9123456789,Treadmill X100,Fitness,30000,1,2024-04-14,FitEquip Ltd.,9123456789
966,Sneha Gupta,9988776655,Treadmill X100,Fitness,30000,2,2024-04-04,FitEquip Ltd.,9123456789
967,Rahul Mehra,9876543210,Resistance Band,Fitness,800,1,2024-04-24,ZenStuff Inc.,9876543210
968,Karan Patel,9765432180,Dumbbell Set,Fitness,4500,2,2024-04-02,FitEquip Ltd.,9123456789
969,Karan Patel,9765432180,Yoga Mat Pro,Fitness,1500,3,2024-04-30,ZenStuff Inc.,9876543210
970,Sneha Gupta,9988776655,Resistance Band,Fitness,800,4,2024-04-25,ZenStuff Inc.,9876543210
971,Rahul Mehra,9876543210,Treadmill X100,Fitness,30000,1,2024-04-22,FitEquip Ltd.,9123456789
972,Karan Patel,9765432180,Mass Gainer,Nutrition,3200,1,2024-04-23,HealthFuel Co.,9012345678
973,Karan Patel,9765432180,Yoga Mat Pro,Fitness,1500,3,2024-04-12,ZenStuff Inc.,9876543210
974,Nisha Verma,9871234567,Yoga Mat Pro,Fitness,1500,5,2024-05-01,ZenStuff Inc.,9876543210
975,Amit Singh,9123456789,Mass Gainer,Nutrition,3200,3,2024-04-11,HealthFuel Co.,9012345678
976,Rahul Mehra,9876543210,Protein Shake,Nutrition,2500,5,2024-04-17,HealthFuel Co.,9012345678
977,Rahul Mehra,9876543210,Resistance Band,Fitness,800,5,2024-04-23,ZenStuff Inc.,9876543210
978,Sneha Gupta,9988776655,Resistance Band,Fitness,800,2,2024-04-08,ZenStuff Inc.,9876543210
979,Karan Patel,9765432180,Treadmill X100,Fitness,30000,1,2024-04-02,FitEquip Ltd.,9123456789
980,Amit Singh,9123456789,Yoga Mat Pro,Fitness,1500,4,2024-04-21,ZenStuff Inc.,9876543210
981,Amit Singh,9123456789,Treadmill X100,Fitness,30000,5,2024-04-25,FitEquip Ltd.,9123456789
982,Amit Singh,9123456789,Yoga Mat Pro,Fitness,1500,2,2024-04-23,ZenStuff Inc.,9876543210
983,Nisha Verma,9871234567,Dumbbell Set,Fitness,4500,1,2024-04-10,FitEquip Ltd.,9123456789
984,Sneha Gupta,9988776655,Dumbbell Set,Fitness,4500,1,2024-05-01,FitEquip Ltd.,9123456789
985,Nisha Verma,9871234567,Resistance Band,Fitness,800,3,2024-04-19,ZenStuff Inc.,9876543210
986,Amit Singh,9123456789,Protein Shake,Nutrition,2500,2,2024-04-17,HealthFuel Co.,9012345678
987,Nisha Verma,9871234567,Resistance Band,Fitness,800,4,2024-04-07,ZenStuff Inc.,9876543210
988,Amit Singh,9123456789,Yoga Mat Pro,Fitness,1500,5,2024-04-26,ZenStuff Inc.,9876543210
989,Sneha Gupta,9988776655,Mass Gainer,Nutrition,3200,2,2024-04-05,HealthFuel Co.,9012345678
990,Rahul Mehra,9876543210,Mass Gainer,Nutrition,3200,2,2024-04-22,HealthFuel Co.,9012345678
991,Amit Singh,9123456789,Mass Gainer,Nutrition,3200,2,2024-04-04,HealthFuel Co.,9012345678
992,Nisha Verma,9871234567,Resistance Band,Fitness,800,2,2024-04-14,ZenStuff Inc.,9876543210
993,Sneha Gupta,9988776655,Dumbbell Set,Fitness,4500,1,2024-04-18,FitEquip Ltd.,9123456789
994,Nisha Verma,9871234567,Yoga Mat Pro,Fitness,1500,1,2024-04-24,ZenStuff Inc.,9876543210
995,Karan Patel,9765432180,Resistance Band,Fitness,800,4,2024-04-14,ZenStuff Inc.,9876543210
996,Amit Singh,9123456789,Mass Gainer,Nutrition,3200,3,2024-04-07,HealthFuel Co.,9012345678
997,Nisha Verma,9871234567,Yoga Mat Pro,Fitness,1500,5,2024-04-12,ZenStuff Inc.,9876543210
998,Amit Singh,9123456789,Mass Gainer,Nutrition,3200,3,2024-04-23,HealthFuel Co.,9012345678
999,Amit Singh,9123456789,Resistance Band,Fitness,800,1,2024-04-26,ZenStuff Inc.,9876543210
1000,Karan Patel,9765432180,Mass Gainer,Nutrition,3200,5,2024-04-07,HealthFuel Co.,9012345678
1001,Sneha Gupta,9988776655,Yoga Mat Pro,Fitness,1500,5,2024-04-14,ZenStuff Inc.,9876543210
1002,Rahul Mehra,9876543210,Yoga Mat Pro,Fitness,1500,5,2024-04-27,ZenStuff Inc.,9876543210
1003,Nisha Verma,9871234567,Yoga Mat Pro,Fitness,1500,4,2024-04-19,ZenStuff Inc.,9876543210
1004,Nisha Verma,9871234567,Yoga Mat Pro,Fitness,1500,3,2024-04-20,ZenStuff Inc.,9876543210
1005,Nisha Verma,9871234567,Dumbbell Set,Fitness,4500,4,2024-04-08,FitEquip Ltd.,9123456789
1006,Amit Singh,9123456789,Dumbbell Set,Fitness,4500,4,2024-04-19,FitEquip Ltd.,9123456789
1007,Karan Patel,9765432180,Yoga Mat Pro,Fitness,1500,3,2024-04-24,ZenStuff Inc.,9876543210
1008,Karan Patel,9765432180,Yoga Mat Pro,Fitness,1500,1,2024-04-30,ZenStuff Inc.,9876543210
1009,Sneha Gupta,9988776655,Mass Gainer,Nutrition,3200,5,2024-04-12,HealthFuel Co.,9012345678
1010,Karan Patel,9765432180,Mass Gainer,Nutrition,3200,3,2024-04-04,HealthFuel Co.,9012345678
1011,Sneha Gupta,9988776655,Dumbbell Set,Fitness,4500,2,2024-04-26,FitEquip Ltd.,9123456789
1012,Nisha Verma,9871234567,Dumbbell Set,Fitness,4500,4,2024-04-22,FitEquip Ltd.,9123456789
1013,Rahul Mehra,9876543210,Dumbbell Set,Fitness,4500,2,2024-04-30,FitEquip Ltd.,9123456789
1014,Rahul Mehra,9876543210,Resistance Band,Fitness,800,1,2024-04-08,ZenStuff Inc.,9876543210
1015,Karan Patel,9765432180,Yoga Mat Pro,Fitness,1500,3,2024-05-01,ZenStuff Inc.,9876543210
1016,Rahul Mehra,9876543210,Mass Gainer,Nutrition,3200,5,2024-04-12,HealthFuel Co.,9012345678
1017,Karan Patel,9765432180,Treadmill X100,Fitness,30000,2,2024-04-15,FitEquip Ltd.,9123456789
1018,Rahul Mehra,9876543210,Yoga Mat Pro,Fitness,1500,1,2024-04-02,ZenStuff Inc.,9876543210
1019,Amit Singh,9123456789,Treadmill X100,Fitness,30000,2,2024-04-13,FitEquip Ltd.,9123456789
1020,Nisha Verma,9871234567,Protein Shake,Nutrition,2500,3,2024-04-28,HealthFuel Co.,9012345678
1021,Sneha Gupta,9988776655,Protein Shake,Nutrition,2500,4,2024-04-12,HealthFuel Co.,9012345678
1022,Nisha Verma,9871234567,Protein Shake,Nutrition,2500,5,2024-04-28,HealthFuel Co.,9012345678
1023,Sneha Gupta,9988776655,Treadmill X100,Fitness,30000,1,2024-04-15,FitEquip Ltd.,9123456789
1024,Rahul Mehra,9876543210,Treadmill X100,Fitness,30000,4,2024-04-26,FitEquip Ltd.,9123456789
1025,Karan Patel,9765432180,Treadmill X100,Fitness,30000,4,2024-05-01,FitEquip Ltd.,9123456789
1026,Sneha Gupta,9988776655,Mass Gainer,Nutrition,3200,4,2024-04-30,HealthFuel Co.,9012345678
1027,Nisha Verma,9871234567,Mass Gainer,Nutrition,3200,5,2024-04-21,HealthFuel Co.,9012345678
1028,Nisha Verma,9871234567,Yoga Mat Pro,Fitness,1500,5,2024-04-23,ZenStuff Inc.,9876543210
1029,Amit Singh,9123456789,Treadmill X100,Fitness,30000,5,2024-04-30,FitEquip Ltd.,9123456789
1030,Karan Patel,9765432180,Yoga Mat Pro,Fitness,1500,1,2024-04-01,ZenStuff Inc.,9876543210
1031,Nisha Verma,9871234567,Resistance Band,Fitness,800,1,2024-04-16,ZenStuff Inc.,9876543210
1032,Nisha Verma,9871234567,Dumbbell Set,Fitness,4500,3,2024-04-09,FitEquip Ltd.,9123456789
1033,Amit Singh,9123456789,Treadmill X100,Fitness,30000,2,2024-04-22,FitEquip Ltd.,9123456789
1034,Amit Singh,9123456789,Mass Gainer,Nutrition,3200,4,2024-04-21,HealthFuel Co.,9012345678
1035,Nisha Verma,9871234567,Treadmill X100,Fitness,30000,4,2024-04-26,FitEquip Ltd.,9123456789
1036,Rahul Mehra,9876543210,Treadmill X100,Fitness,30000,4,2024-04-24,FitEquip Ltd.,9123456789
1037,Nisha Verma,9871234567,Yoga Mat Pro,Fitness,1500,3,2024-04-27,ZenStuff Inc.,9876543210
1038,Rahul Mehra,9876543210,Protein Shake,Nutrition,2500,2,2024-05-01,HealthFuel Co.,9012345678
1039,Rahul Mehra,9876543210,Mass Gainer,Nutrition,3200,4,2024-04-01,HealthFuel Co.,9012345678
1040,Amit Singh,9123456789,Resistance Band,Fitness,800,4,2024-04-10,ZenStuff Inc.,9876543210
1041,Sneha Gupta,9988776655,Dumbbell Set,Fitness,4500,1,2024-04-29,FitEquip Ltd.,9123456789
1042,Karan Patel,9765432180,Yoga Mat Pro,Fitness,1500,5,2024-04-16,ZenStuff Inc.,9876543210
1043,Karan Patel,9765432180,Protein Shake,Nutrition,2500,5,2024-04-09,HealthFuel Co.,9012345678
1044,Rahul Mehra,9876543210,Resistance Band,Fitness,800,5,2024-04-14,ZenStuff Inc.,9876543210
1045,Amit Singh,9123456789,Dumbbell Set,Fitness,4500,1,2024-04-14,FitEquip Ltd.,9123456789
1046,Rahul Mehra,9876543210,Mass Gainer,Nutrition,3200,1,2024-04-15,HealthFuel Co.,9012345678
1047,Amit Singh,9123456789,Yoga Mat Pro,Fitness,1500,5,2024-04-25,ZenStuff Inc.,9876543210
1048,Rahul Mehra,9876543210,Dumbbell Set,Fitness,4500,4,2024-04-29,FitEquip Ltd.,9123456789
1049,Nisha Verma,9871234567,Dumbbell Set,Fitness,4500,5,2024-04-15,FitEquip Ltd.,9123456789
1050,Karan Patel,9765432180,Protein Shake,Nutrition,2500,5,2024-04-15,HealthFuel Co.,9012345678
1051,Nisha Verma,9871234567,Resistance Band,Fitness,800,2,2024-04-07,ZenStuff Inc.,9876543210
1052,Rahul Mehra,9876543210,Yoga Mat Pro,Fitness,1500,4,2024-04-13,ZenStuff Inc.,9876543210
1053,Karan Patel,9765432180,Protein Shake,Nutrition,2500,3,2024-04-19,HealthFuel Co.,9012345678
1054,Nisha Verma,9871234567,Mass Gainer,Nutrition,3200,4,2024-04-17,HealthFuel Co.,9012345678
1055,Nisha Verma,9871234567,Resistance Band,Fitness,800,3,2024-04-13,ZenStuff Inc.,9876543210
1056,Sneha Gupta,9988776655,Dumbbell Set,Fitness,4500,4,2024-04-02,FitEquip Ltd.,9123456789
1057,Amit Singh,9123456789,Yoga Mat Pro,Fitness,1500,4,2024-04-18,ZenStuff Inc.,9876543210
1058,Nisha Verma,9871234567,Treadmill X100,Fitness,30000,5,2024-04-17,FitEquip Ltd.,9123456789
1059,Sneha Gupta,9988776655,Yoga Mat Pro,Fitness,1500,5,2024-04-24,ZenStuff Inc.,9876543210
1060,Sneha Gupta,9988776655,Treadmill X100,Fitness,30000,2,2024-04-10,FitEquip Ltd.,9123456789
1061,Karan Patel,9765432180,Treadmill X100,Fitness,30000,4,2024-04-29,FitEquip Ltd.,9123456789
1062,Sneha Gupta,9988776655,Protein Shake,Nutrition,2500,3,2024-05-01,HealthFuel Co.,9012345678
1063,Nisha Verma,9871234567,Mass Gainer,Nutrition,3200,1,2024-04-25,HealthFuel Co.,9012345678
1064,Nisha Verma,9871234567,Treadmill X100,Fitness,30000,4,2024-04-29,FitEquip Ltd.,9123456789
1065,Sneha Gupta,9988776655,Yoga Mat Pro,Fitness,1500,4,2024-04-27,ZenStuff Inc.,9876543210
1066,Rahul Mehra,9876543210,Treadmill X100,Fitness,30000,3,2024-05-01,FitEquip Ltd.,9123456789
1067,Sneha Gupta,9988776655,Treadmill X100,Fitness,30000,2,2024-04-06,FitEquip Ltd.,9123456789
1068,Rahul Mehra,9876543210,Treadmill X100,Fitness,30000,5,2024-04-15,FitEquip Ltd.,9123456789
1069,Sneha Gupta,9988776655,Treadmill X100,Fitness,30000,4,2024-04-26,FitEquip Ltd.,9123456789
1070,Rahul Mehra,9876543210,Dumbbell Set,Fitness,4500,3,2024-04-06,FitEquip Ltd.,9123456789
1071,Karan Patel,9765432180,Dumbbell Set,Fitness,4500,5,2024-04-13,FitEquip Ltd.,9123456789
1072,Nisha Verma,9871234567,Mass Gainer,Nutrition,3200,5,2024-04-19,HealthFuel Co.,9012345678
1073,Nisha Verma,9871234567,Yoga Mat Pro,Fitness,1500,2,2024-04-20,ZenStuff Inc.,9876543210
1074,Karan Patel,9765432180,Yoga Mat Pro,Fitness,1500,2,2024-04-14,ZenStuff Inc.,9876543210
1075,Karan Patel,9765432180,Resistance Band,Fitness,800,5,2024-04-13,ZenStuff Inc.,9876543210
1076,Nisha Verma,9871234567,Resistance Band,Fitness,800,1,2024-04-15,ZenStuff Inc.,9876543210
1077,Karan Patel,9765432180,Resistance Band,Fitness,800,4,2024-04-17,ZenStuff Inc.,9876543210
1078,Rahul Mehra,9876543210,Protein Shake,Nutrition,2500,2,2024-04-09,HealthFuel Co.,9012345678
1079,Amit Singh,9123456789,Dumbbell Set,Fitness,4500,3,2024-04-05,FitEquip Ltd.,9123456789
1080,Rahul Mehra,9876543210,Dumbbell Set,Fitness,4500,3,2024-04-17,FitEquip Ltd.,9123456789
1081,Sneha Gupta,9988776655,Yoga Mat Pro,Fitness,1500,5,2024-04-20,ZenStuff Inc.,9876543210
1082,Rahul Mehra,9876543210,Resistance Band,Fitness,800,5,2024-04-21,ZenStuff Inc.,9876543210
1083,Sneha Gupta,9988776655,Dumbbell Set,Fitness,4500,3,2024-04-12,FitEquip Ltd.,9123456789
1084,Amit Singh,9123456789,Resistance Band,Fitness,800,2,2024-04-01,ZenStuff Inc.,9876543210
1085,Nisha Verma,9871234567,Mass Gainer,Nutrition,3200,2,2024-04-08,HealthFuel Co.,9012345678
1086,Rahul Mehra,9876543210,Yoga Mat Pro,Fitness,1500,1,2024-04-04,ZenStuff Inc.,9876543210
1087,Sneha Gupta,9988776655,Protein Shake,Nutrition,2500,3,2024-04-19,HealthFuel Co.,9012345678
1088,Nisha Verma,9871234567,Protein Shake,Nutrition,2500,3,2024-04-16,HealthFuel Co.,9012345678
1089,Rahul Mehra,9876543210,Dumbbell Set,Fitness,4500,3,2024-04-25,FitEquip Ltd.,9123456789
1090,Karan Patel,9765432180,Yoga Mat Pro,Fitness,1500,2,2024-04-03,ZenStuff Inc.,9876543210
1091,Sneha Gupta,9988776655,Yoga Mat Pro,Fitness,1500,3,2024-04-19,ZenStuff Inc.,9876543210
1092,Rahul Mehra,9876543210,Dumbbell Set,Fitness,4500,5,2024-05-01,FitEquip Ltd.,9123456789
1093,Nisha Verma,9871234567,Dumbbell Set,Fitness,4500,1,2024-04-18,FitEquip Ltd.,9123456789
1094,Sneha Gupta,9988776655,Treadmill X100,Fitness,30000,3,2024-04-11,FitEquip Ltd.,9123456789
1095,Rahul Mehra,9876543210,Yoga Mat Pro,Fitness,1500,1,2024-04-18,ZenStuff Inc.,9876543210
1096,Sneha Gupta,9988776655,Resistance Band,Fitness,800,3,2024-04-13,ZenStuff Inc.,9876543210
1097,Karan Patel,9765432180,Yoga Mat Pro,Fitness,1500,4,2024-04-23,ZenStuff Inc.,9876543210
1098,Nisha Verma,9871234567,Dumbbell Set,Fitness,4500,5,2024-04-15,FitEquip Ltd.,9123456789
1099,Nisha Verma,9871234567,Protein Shake,Nutrition,2500,4,2024-04-05,HealthFuel Co.,9012345678
1100,Rahul Mehra,9876543210,Protein Shake,Nutrition,2500,5,2024-05-01,HealthFuel Co.,9012345678
